case,epsilon,station_i,axis,amp_f0,amp_f0_over_epsilon,amp_2f0,amp_2f0_over_epsilon,h2_over_h1
E-2,0.05,40,long,0.35733935571,7.1467871142,0.0683174122506,1.36634824501,0.191183565871
E-2,0.05,40,short,0.247024628804,4.94049257608,0.0600531208391,1.20106241678,0.243105803376
E-2,0.05,81,long,0.050340067343,1.00680134686,0.0201838937182,0.403677874365,0.400950868435
E-2,0.05,81,short,0.0433043554135,0.866087108271,0.0199958796,0.399917592,0.461752158855
E-2,0.05,121,long,0.0443612208576,0.887224417153,0.0231437536454,0.462875072907,0.521711377593
E-2,0.05,121,short,0.0370786551963,0.741573103926,0.029537733482,0.59075466964,0.796623645751
E-3,0.005,40,long,0.0342564521439,6.85129042878,0.000596476309337,0.119295261867,0.0174120865416
E-3,0.005,40,short,0.0232041422356,4.64082844712,0.000457453841873,0.0914907683746,0.019714318126
E-3,0.005,81,long,0.00473204411151,0.946408822301,0.000110671253122,0.0221342506245,0.0233876207648
E-3,0.005,81,short,0.0041782548742,0.835650974839,0.00012735017888,0.025470035776,0.0304792748921
E-3,0.005,121,long,0.00478636801474,0.957273602949,0.000311335671639,0.0622671343277,0.0650463296344
E-3,0.005,121,short,0.00440136880076,0.880273760152,0.000367023619228,0.0734047238456,0.0833885174913
E-4,0.0005,40,long,0.00366840700134,7.33681400267,0.000166344327497,0.332688654993,0.0453451123161
E-4,0.0005,40,short,0.00248832690472,4.97665380944,0.000112818904331,0.225637808661,0.0453392615403
E-4,0.0005,81,long,0.00052181640095,1.0436328019,1.55690132331e-05,0.0311380264662,0.0298361899027
E-4,0.0005,81,short,0.000452541152629,0.905082305258,1.92574087215e-05,0.0385148174431,0.0425539392598
E-4,0.0005,121,long,0.000537545976641,1.07509195328,1.93021212758e-05,0.0386042425517,0.0359078518203
E-4,0.0005,121,short,0.000490265598469,0.980531196938,6.37698307664e-06,0.0127539661533,0.0130072007837
