i,x,label,P_rms,P_peak,Umag_rms,T_rms
1,3.942822957e-08,Long axis +,0.003257784872,0.004851843696,0,8.881784197e-16
2,3.548344409e-07,Long axis +,0.003256497445,0.004851178732,0,8.881784197e-16
3,9.855421013e-07,Long axis +,0.003255215689,0.004851556849,0,0
4,1.931341785e-06,Long axis +,0.0032533417,0.004852119833,0,8.881784197e-16
5,3.191919632e-06,Long axis +,0.003251103613,0.004853101913,0,8.881784197e-16
6,4.766856819e-06,Long axis +,0.003248265978,0.004854142666,0,0
7,6.655630841e-06,Long axis +,0.003245012416,0.00485535292,0,8.881784197e-16
8,8.857614375e-06,Long axis +,0.003241110414,0.004856393207,0,8.881784197e-16
9,1.137207619e-05,Long axis +,0.003236764389,0.00485737063,0,8.881784197e-16
10,1.419818091e-05,Long axis +,0.003231734704,0.004857908003,0,0
11,1.733499266e-05,Long axis +,0.003226246375,0.004858068656,0,8.881784197e-16
12,2.078146645e-05,Long axis +,0.003220037998,0.004857419059,0,0
13,2.453645902e-05,Long axis +,0.00321335509,0.004856020678,0,8.881784197e-16
14,2.85987262e-05,Long axis +,0.003205906589,0.004853380844,0,1.776356839e-15
15,3.296691648e-05,Long axis +,0.003197962495,0.004849573132,0,0
16,3.763958011e-05,Long axis +,0.003189199563,0.004844014999,0,0
17,4.261516733e-05,Long axis +,0.003179912286,0.004836814012,0,0
18,4.789202285e-05,Long axis +,0.003169748082,0.00482728472,0,0
19,5.34683968e-05,Long axis +,0.00315901827,0.00481560966,0,8.881784197e-16
20,5.934243745e-05,Long axis +,0.003147353479,0.004800977651,0,1.776356839e-15
21,6.551219849e-05,Long axis +,0.003135063244,0.004783682991,0,8.881784197e-16
22,7.197562081e-05,Long axis +,0.003121785638,0.004762752447,0,8.881784197e-16
23,7.873056893e-05,Long axis +,0.00310779881,0.004738633987,0,0
24,8.577479457e-05,Long axis +,0.003092779637,0.00471015973,0,0
25,9.310596215e-05,Long axis +,0.003076944349,0.004677983001,0,2.664535259e-15
26,0.0001007216342,Long axis +,0.00306003203,0.00464070728,0,8.881784197e-16
27,0.000108619286,Long axis +,0.003042187701,0.004599243402,0,8.881784197e-16
28,0.000116796291,Long axis +,0.003023196991,0.004551936872,0,1.776356839e-15
29,0.0001252499351,Long axis +,0.003003185224,0.00450000912,0,8.881784197e-16
30,0.0001339774171,Long axis +,0.002981885458,0.004441520199,0,8.881784197e-16
31,0.0001429758413,Long axis +,0.002959562176,0.004378050566,0,0
32,0.0001522421953,Long axis +,0.002935667958,0.004326798953,0,1.776356839e-15
33,0.0001617734379,Long axis +,0.002910912649,0.004322674591,0,8.881784197e-16
34,0.0001715663821,Long axis +,0.002884084437,0.004311365075,0,8.881784197e-16
35,0.0001816177828,Long axis +,0.002856798904,0.00429469673,0,8.881784197e-16
36,0.0001919242932,Long axis +,0.002826661469,0.004269816913,0,0
37,0.000202482508,Long axis +,0.002796752589,0.004238957074,0,8.881784197e-16
38,0.0002132889203,Long axis +,0.002762935828,0.004198940471,0,0
39,0.0002243399358,Long axis +,0.002730282638,0.004152418114,0,8.881784197e-16
40,0.0002356318728,Long axis +,0.0026924809,0.004095926415,0,0
41,0.0002471609914,Long axis +,0.002656895468,0.004032537341,0,8.881784197e-16
42,0.0002589234791,Long axis +,0.002614931885,0.003958567046,0,1.776356839e-15
43,0.0002709154214,Long axis +,0.002576132642,0.003877498209,0,1.776356839e-15
44,0.0002831328311,Long axis +,0.002530006377,0.003785523819,0,8.881784197e-16
45,0.0002955716336,Long axis +,0.002487623397,0.003686515847,0,1.776356839e-15
46,0.0003082277544,Long axis +,0.002437520629,0.003576661227,0,0
47,0.0003210969153,Long axis +,0.00239114199,0.00350214215,0,0
48,0.0003341749252,Long axis +,0.002337401358,0.003429502249,0,8.881784197e-16
49,0.0003474573896,Long axis +,0.002286650881,0.003347956808,0,8.881784197e-16
50,0.0003609398846,Long axis +,0.002229690967,0.003256880911,0,8.881784197e-16
51,0.0003746179864,Long axis +,0.002174312123,0.003156828461,0,8.881784197e-16
52,0.0003884871257,Long axis +,0.002114544953,0.003073318629,0,0
53,0.0004025427043,Long axis +,0.002054472064,0.002982782433,0,8.881784197e-16
54,0.0004167800362,Long axis +,0.001992242288,0.002881590044,0,8.881784197e-16
55,0.0004311944067,Long axis +,0.001927662674,0.002773868153,0,0
56,0.0004457810428,Long axis +,0.001863256947,0.002664745087,0,8.881784197e-16
57,0.000460535055,Long axis +,0.001794674417,0.002588005271,0,8.881784197e-16
58,0.0004754516121,Long axis +,0.001728395377,0.002500002738,0,1.776356839e-15
59,0.0004905257374,Long axis +,0.001656649028,0.00240440201,0,8.881784197e-16
60,0.0005057523958,Long axis +,0.001588864077,0.002298906213,0,8.881784197e-16
61,0.0005211265525,Long axis +,0.001515034871,0.002187470673,0,1.776356839e-15
62,0.0005366431433,Long axis +,0.001446177262,0.002070232062,0,8.881784197e-16
63,0.0005522969295,Long axis +,0.001371507135,0.001965512056,0,8.881784197e-16
64,0.000568082789,Long axis +,0.001302221732,0.001874457696,0,1.776356839e-15
65,0.0005839954247,Long axis +,0.001228220008,0.001777720987,0,0
66,0.000600029598,Long axis +,0.001159539958,0.001675276319,0,0
67,0.0006161799538,Long axis +,0.001087824448,0.001582253142,0,0
68,0.0006324411952,Long axis +,0.001020768423,0.001490307623,0,8.881784197e-16
69,0.0006488077925,Long axis +,0.0009524663099,0.001394167426,0,8.881784197e-16
70,0.0006652744487,Long axis +,0.0008877329658,0.001296324539,0,1.776356839e-15
71,0.0006818356342,Long axis +,0.0008236450269,0.001197295263,0,0
72,0.0006984858774,Long axis +,0.0007620796345,0.001106497715,0,1.776356839e-15
73,0.0007152195903,Long axis +,0.0007030504171,0.001015601913,0,8.881784197e-16
74,0.0007320312434,Long axis +,0.000645619894,0.0009350650362,0,0
75,0.0007489153068,Long axis +,0.0005922709396,0.0008607565542,0,8.881784197e-16
76,0.0007658660761,Long axis +,0.0005395729791,0.0007853566785,0,8.881784197e-16
77,0.0007828780217,Long axis +,0.0004916398888,0.0007182899863,0,0
78,0.0007999454974,Long axis +,0.0004435099123,0.0006472214009,0,0
79,0.0008170627407,Long axis +,0.0004024379925,0.0005894921487,0,8.881784197e-16
80,0.0008342241053,Long axis +,0.0003691898663,0.0005460088141,0,8.881784197e-16
81,0.0008509967593,Long axis +,0.0003548581738,0.0005300121848,0,0
82,0.0008670337847,Long axis +,0.0003464699161,0.0005215979763,0,8.881784197e-16
83,0.0008824588149,Long axis +,0.000341307951,0.0005146458861,0,8.881784197e-16
84,0.0008973953081,Long axis +,0.0003370235065,0.0005089438055,0,8.881784197e-16
85,0.0009119667811,Long axis +,0.0003347215891,0.0005033717025,0,8.881784197e-16
86,0.0009262968088,Long axis +,0.0003321708683,0.0004976328928,0,8.881784197e-16
87,0.0009405088495,Long axis +,0.0003310936996,0.0004913512385,0,0
88,0.0009547264199,Long axis +,0.0003294171069,0.0004891892895,0,0
89,0.0009690730949,Long axis +,0.0003289652343,0.0004889870761,0,8.881784197e-16
90,0.0009836723329,Long axis +,0.0003278487827,0.0004902869696,0,8.881784197e-16
91,0.0009986477671,Long axis +,0.0003278686922,0.0004918036284,0,8.881784197e-16
92,0.001014122739,Long axis +,0.0003273511069,0.00048897753,0,0
93,0.001030220883,Long axis +,0.0003279471149,0.0004901727661,0,1.776356839e-15
94,0.001047065714,Long axis +,0.0003281995424,0.000494190841,0,8.881784197e-16
95,0.00106478075,Long axis +,0.0003294393975,0.0004966004635,0,8.881784197e-16
96,0.001083489507,Long axis +,0.0003303783973,0.0005031796172,0,0
97,0.001103315502,Long axis +,0.0003317969837,0.0005074629444,0,8.881784197e-16
98,0.001124382252,Long axis +,0.0003326325539,0.0005087783793,0,0
99,0.001146813156,Long axis +,0.000333290695,0.0005063409335,0,1.776356839e-15
100,0.001170731965,Long axis +,0.0003336402802,0.0005022560363,0,8.881784197e-16
101,0.001196261961,Long axis +,0.0003341100337,0.0005052197375,0,1.776356839e-15
102,0.001223526895,Long axis +,0.0003352753107,0.0005042642588,0,1.776356839e-15
103,0.001252650167,Long axis +,0.0003364817874,0.000512167695,0,8.881784197e-16
104,0.001283755293,Long axis +,0.0003383682536,0.0005178677384,0,8.881784197e-16
105,0.001316965674,Long axis +,0.0003396683868,0.0005193719408,0,8.881784197e-16
106,0.001352405059,Long axis +,0.0003417468722,0.0005201559979,0,0
107,0.001390196849,Long axis +,0.0003421546141,0.0005155662657,0,2.664535259e-15
108,0.001430464676,Long axis +,0.0003418941905,0.0005168261705,0,8.881784197e-16
109,0.001473331824,Long axis +,0.0003399362176,0.0005237350706,0,0
110,0.001518922043,Long axis +,0.000339619663,0.0005278023309,0,8.881784197e-16
111,0.001567358733,Long axis +,0.0003397382848,0.0005267775268,0,8.881784197e-16
112,0.001618765411,Long axis +,0.0003406906412,0.0005221712636,0,0
113,0.001673265593,Long axis +,0.0003384625638,0.0005197726423,0,0
114,0.001730982913,Long axis +,0.000334358824,0.0005320675555,0,8.881784197e-16
115,0.00179204077,Long axis +,0.0003335369074,0.0005321697099,0,0
116,0.001856562681,Long axis +,0.0003356534546,0.0005271823029,0,0
117,0.001924672164,Long axis +,0.0003372457753,0.0005342443474,0,8.881784197e-16
118,0.001996492967,Long axis +,0.0003354425721,0.0005354203167,0,0
119,0.002072148258,Long axis +,0.0003376674687,0.0005324861268,0,0
120,0.00215176167,Long axis +,0.0003421077425,0.0005409112782,0,8.881784197e-16
121,0.002235456835,Long axis +,0.0003424675884,0.0005421890528,0,0
122,0.002323357388,Long axis +,0.0003406626646,0.0005411202437,0,8.881784197e-16
123,0.002415586496,Long axis +,0.0003405761598,0.0005371902953,0,1.776356839e-15
124,0.002512267791,Long axis +,0.0003376682188,0.0005429909797,0,8.881784197e-16
125,0.002613524906,Long axis +,0.0003334977569,0.0005416169297,0,0
126,0.002719481243,Long axis +,0.0003325366764,0.0005463380367,0,0
127,0.002830260666,Long axis +,0.0003314654169,0.000542672351,0,0
128,0.002945986111,Long axis +,0.0003307713235,0.0005453958292,0,8.881784197e-16
129,0.003066781443,Long axis +,0.0003290066186,0.000543351227,0,0
130,0.003192770295,Long axis +,0.0003237440099,0.0005419602967,0,8.881784197e-16
131,0.003324075835,Long axis +,0.0003161664622,0.0005398460198,0,8.881784197e-16
132,0.003460821928,Long axis +,0.0003099111728,0.0005399667425,0,0
133,0.003603131743,Long axis +,0.0003061367391,0.0005358221242,0,0
134,0.003751129145,Long axis +,0.0003064742049,0.0005391323939,0,8.881784197e-16
135,0.003904937534,Long axis +,0.0003051352518,0.0005387381534,0,8.881784197e-16
136,0.004064680543,Long axis +,0.0002993794008,0.0005292507703,0,8.881784197e-16
137,0.004230481107,Long axis +,0.0002924280258,0.0005366983241,0,0
138,0.004402463324,Long axis +,0.0002882637154,0.0005344871315,0,0
139,0.004580750596,Long axis +,0.0002876633468,0.0005347845145,0,1.776356839e-15
140,0.004765466787,Long axis +,0.0002851467332,0.0005290982081,0,0
141,0.004956734832,Long axis +,0.000275458535,0.0005333359586,0,1.776356839e-15
142,0.005154678132,Long axis +,0.0002653655477,0.0005271379487,0,8.881784197e-16
143,0.005359421019,Long axis +,0.0002634274518,0.0005262512132,0,8.881784197e-16
144,0.00557108596,Long axis +,0.0002616488308,0.0005223819171,0,8.881784197e-16
145,0.005789797753,Long axis +,0.0002511117031,0.0005175812985,0,0
146,0.006015678868,Long axis +,0.0002409424362,0.0005133728846,0,8.881784197e-16
147,0.006248853169,Long axis +,0.0002395507242,0.0005094470107,0,8.881784197e-16
148,0.006489444058,Long axis +,0.0002331923462,0.000513553503,0,8.881784197e-16
149,0.006737575401,Long axis +,0.0002173016329,0.0005158417043,0,8.881784197e-16
150,0.006993370131,Long axis +,0.0002109640027,0.0005119993002,0,0
151,0.00725695258,Long axis +,0.000208981562,0.0005030009779,0,0
152,0.007528445683,Long axis +,0.0001942353008,0.0004832712293,0,0
153,0.007807972841,Long axis +,0.0001838849246,0.0004537583445,0,8.881784197e-16
154,0.008095657453,Long axis +,0.0001765128896,0.0004492724547,0,8.881784197e-16
155,0.008391624317,Long axis +,0.0001632710045,0.0004317737476,0,8.881784197e-16
156,0.008695995435,Long axis +,0.0001644242487,0.0004384981294,0,8.881784197e-16
157,0.009008895606,Long axis +,0.0001553655151,0.0004527315032,0,0
158,0.009330446832,Long axis +,0.0001235506074,0.0003563732898,0,0
159,0.009660773911,Long axis +,0.0001249212581,0.0003631628933,0,0
160,0.009999999776,Long axis +,0.0001233532844,0.0003455426777,0,0
1,3.942822957e-08,Long axis -,0.003257784872,0.004851843696,0,8.881784197e-16
2,3.548344409e-07,Long axis -,0.003256497445,0.004851178732,0,0
3,9.855421013e-07,Long axis -,0.003255215689,0.004851556849,0,8.881784197e-16
4,1.931341785e-06,Long axis -,0.0032533417,0.004852119833,0,0
5,3.191919632e-06,Long axis -,0.003251103613,0.004853101913,0,8.881784197e-16
6,4.766856819e-06,Long axis -,0.003248265978,0.004854142666,0,8.881784197e-16
7,6.655630841e-06,Long axis -,0.003245012416,0.00485535292,0,8.881784197e-16
8,8.857614375e-06,Long axis -,0.003241110414,0.004856393207,0,8.881784197e-16
9,1.137207619e-05,Long axis -,0.003236764389,0.00485737063,0,1.776356839e-15
10,1.419818091e-05,Long axis -,0.003231734704,0.004857908003,0,8.881784197e-16
11,1.733499266e-05,Long axis -,0.003226246375,0.004858068656,0,1.776356839e-15
12,2.078146645e-05,Long axis -,0.003220037998,0.004857419059,0,8.881784197e-16
13,2.453645902e-05,Long axis -,0.00321335509,0.004856020678,0,8.881784197e-16
14,2.85987262e-05,Long axis -,0.003205906589,0.004853380844,0,8.881784197e-16
15,3.296691648e-05,Long axis -,0.003197962495,0.004849573132,0,8.881784197e-16
16,3.763958011e-05,Long axis -,0.003189199563,0.004844014999,0,8.881784197e-16
17,4.261516733e-05,Long axis -,0.003179912286,0.004836814012,0,8.881784197e-16
18,4.789202285e-05,Long axis -,0.003169748082,0.00482728472,0,8.881784197e-16
19,5.34683968e-05,Long axis -,0.00315901827,0.00481560966,0,8.881784197e-16
20,5.934243745e-05,Long axis -,0.003147353479,0.004800977651,0,0
21,6.551219849e-05,Long axis -,0.003135063244,0.004783682991,0,8.881784197e-16
22,7.197562081e-05,Long axis -,0.003121785638,0.004762752447,0,0
23,7.873056893e-05,Long axis -,0.00310779881,0.004738633987,0,8.881784197e-16
24,8.577479457e-05,Long axis -,0.003092779637,0.00471015973,0,0
25,9.310596215e-05,Long axis -,0.003076944349,0.004677983001,0,8.881784197e-16
26,0.0001007216342,Long axis -,0.00306003203,0.00464070728,0,0
27,0.000108619286,Long axis -,0.003042187701,0.004599243402,0,1.776356839e-15
28,0.000116796291,Long axis -,0.003023196991,0.004551936872,0,8.881784197e-16
29,0.0001252499351,Long axis -,0.003003185224,0.00450000912,0,0
30,0.0001339774171,Long axis -,0.002981885458,0.004441520199,0,0
31,0.0001429758413,Long axis -,0.002959562176,0.004378050566,0,0
32,0.0001522421953,Long axis -,0.002935667958,0.004326798953,0,0
33,0.0001617734379,Long axis -,0.002910912649,0.004322674591,0,0
34,0.0001715663821,Long axis -,0.002884084437,0.004311365075,0,8.881784197e-16
35,0.0001816177828,Long axis -,0.002856798904,0.00429469673,0,0
36,0.0001919242932,Long axis -,0.002826661469,0.004269816913,0,0
37,0.000202482508,Long axis -,0.002796752589,0.004238957074,0,0
38,0.0002132889203,Long axis -,0.002762935828,0.004198940471,0,0
39,0.0002243399358,Long axis -,0.002730282638,0.004152418114,0,0
40,0.0002356318728,Long axis -,0.0026924809,0.004095926415,0,8.881784197e-16
41,0.0002471609914,Long axis -,0.002656895468,0.004032537341,0,0
42,0.0002589234791,Long axis -,0.002614931885,0.003958567046,0,8.881784197e-16
43,0.0002709154214,Long axis -,0.002576132642,0.003877498209,0,0
44,0.0002831328311,Long axis -,0.002530006377,0.003785523819,0,0
45,0.0002955716336,Long axis -,0.002487623397,0.003686515847,0,1.776356839e-15
46,0.0003082277544,Long axis -,0.002437520629,0.003576661227,0,0
47,0.0003210969153,Long axis -,0.00239114199,0.00350214215,0,0
48,0.0003341749252,Long axis -,0.002337401358,0.003429502249,0,1.776356839e-15
49,0.0003474573896,Long axis -,0.002286650881,0.003347956808,0,8.881784197e-16
50,0.0003609398846,Long axis -,0.002229690967,0.003256880911,0,8.881784197e-16
51,0.0003746179864,Long axis -,0.002174312123,0.003156828461,0,8.881784197e-16
52,0.0003884871257,Long axis -,0.002114544953,0.003073318629,0,8.881784197e-16
53,0.0004025427043,Long axis -,0.002054472064,0.002982782433,0,8.881784197e-16
54,0.0004167800362,Long axis -,0.001992242288,0.002881590044,0,8.881784197e-16
55,0.0004311944067,Long axis -,0.001927662674,0.002773868153,0,0
56,0.0004457810428,Long axis -,0.001863256947,0.002664745087,0,8.881784197e-16
57,0.000460535055,Long axis -,0.001794674417,0.002588005271,0,8.881784197e-16
58,0.0004754516121,Long axis -,0.001728395377,0.002500002738,0,8.881784197e-16
59,0.0004905257374,Long axis -,0.001656649028,0.00240440201,0,8.881784197e-16
60,0.0005057523958,Long axis -,0.001588864077,0.002298906213,0,0
61,0.0005211265525,Long axis -,0.001515034871,0.002187470673,0,0
62,0.0005366431433,Long axis -,0.001446177262,0.002070232062,0,0
63,0.0005522969295,Long axis -,0.001371507135,0.001965512056,0,0
64,0.000568082789,Long axis -,0.001302221732,0.001874457696,0,0
65,0.0005839954247,Long axis -,0.001228220008,0.001777720987,0,8.881784197e-16
66,0.000600029598,Long axis -,0.001159539958,0.001675276319,0,8.881784197e-16
67,0.0006161799538,Long axis -,0.001087824448,0.001582253142,0,8.881784197e-16
68,0.0006324411952,Long axis -,0.001020768423,0.001490307623,0,0
69,0.0006488077925,Long axis -,0.0009524663099,0.001394167426,0,8.881784197e-16
70,0.0006652744487,Long axis -,0.0008877329658,0.001296324539,0,0
71,0.0006818356342,Long axis -,0.0008236450269,0.001197295263,0,2.664535259e-15
72,0.0006984858774,Long axis -,0.0007620796345,0.001106497715,0,8.881784197e-16
73,0.0007152195903,Long axis -,0.0007030504171,0.001015601913,0,0
74,0.0007320312434,Long axis -,0.000645619894,0.0009350650362,0,2.664535259e-15
75,0.0007489153068,Long axis -,0.0005922709396,0.0008607565542,0,1.776356839e-15
76,0.0007658660761,Long axis -,0.0005395729791,0.0007853566785,0,8.881784197e-16
77,0.0007828780217,Long axis -,0.0004916398888,0.0007182899863,0,1.776356839e-15
78,0.0007999454974,Long axis -,0.0004435099123,0.0006472214009,0,8.881784197e-16
79,0.0008170627407,Long axis -,0.0004024379925,0.0005894921487,0,0
80,0.0008342241053,Long axis -,0.0003691898663,0.0005460088141,0,8.881784197e-16
81,0.0008509967593,Long axis -,0.0003548581738,0.0005300121848,0,8.881784197e-16
82,0.0008670337847,Long axis -,0.0003464699161,0.0005215979763,0,2.664535259e-15
83,0.0008824588149,Long axis -,0.000341307951,0.0005146458861,0,8.881784197e-16
84,0.0008973953081,Long axis -,0.0003370235065,0.0005089438055,0,8.881784197e-16
85,0.0009119667811,Long axis -,0.0003347215891,0.0005033717025,0,8.881784197e-16
86,0.0009262968088,Long axis -,0.0003321708683,0.0004976328928,0,8.881784197e-16
87,0.0009405088495,Long axis -,0.0003310936996,0.0004913512385,0,0
88,0.0009547264199,Long axis -,0.0003294171069,0.0004891892895,0,8.881784197e-16
89,0.0009690730949,Long axis -,0.0003289652343,0.0004889870761,0,8.881784197e-16
90,0.0009836723329,Long axis -,0.0003278487827,0.0004902869696,0,8.881784197e-16
91,0.0009986477671,Long axis -,0.0003278686922,0.0004918036284,0,8.881784197e-16
92,0.001014122739,Long axis -,0.0003273511069,0.00048897753,0,8.881784197e-16
93,0.001030220883,Long axis -,0.0003279471149,0.0004901727661,0,0
94,0.001047065714,Long axis -,0.0003281995424,0.000494190841,0,1.776356839e-15
95,0.00106478075,Long axis -,0.0003294393975,0.0004966004635,0,0
96,0.001083489507,Long axis -,0.0003303783973,0.0005031796172,0,0
97,0.001103315502,Long axis -,0.0003317969837,0.0005074629444,0,0
98,0.001124382252,Long axis -,0.0003326325539,0.0005087783793,0,8.881784197e-16
99,0.001146813156,Long axis -,0.000333290695,0.0005063409335,0,0
100,0.001170731965,Long axis -,0.0003336402802,0.0005022560363,0,0
101,0.001196261961,Long axis -,0.0003341100337,0.0005052197375,0,8.881784197e-16
102,0.001223526895,Long axis -,0.0003352753107,0.0005042642588,0,8.881784197e-16
103,0.001252650167,Long axis -,0.0003364817874,0.000512167695,0,8.881784197e-16
104,0.001283755293,Long axis -,0.0003383682536,0.0005178677384,0,8.881784197e-16
105,0.001316965674,Long axis -,0.0003396683868,0.0005193719408,0,0
106,0.001352405059,Long axis -,0.0003417468722,0.0005201559979,0,8.881784197e-16
107,0.001390196849,Long axis -,0.0003421546141,0.0005155662657,0,0
108,0.001430464676,Long axis -,0.0003418941905,0.0005168261705,0,8.881784197e-16
109,0.001473331824,Long axis -,0.0003399362176,0.0005237350706,0,0
110,0.001518922043,Long axis -,0.000339619663,0.0005278023309,0,8.881784197e-16
111,0.001567358733,Long axis -,0.0003397382848,0.0005267775268,0,0
112,0.001618765411,Long axis -,0.0003406906412,0.0005221712636,0,1.776356839e-15
113,0.001673265593,Long axis -,0.0003384625638,0.0005197726423,0,8.881784197e-16
114,0.001730982913,Long axis -,0.000334358824,0.0005320675555,0,8.881784197e-16
115,0.00179204077,Long axis -,0.0003335369074,0.0005321697099,0,0
116,0.001856562681,Long axis -,0.0003356534546,0.0005271823029,0,8.881784197e-16
117,0.001924672164,Long axis -,0.0003372457753,0.0005342443474,0,8.881784197e-16
118,0.001996492967,Long axis -,0.0003354425721,0.0005354203167,0,8.881784197e-16
119,0.002072148258,Long axis -,0.0003376674687,0.0005324861268,0,0
120,0.00215176167,Long axis -,0.0003421077425,0.0005409112782,0,8.881784197e-16
121,0.002235456835,Long axis -,0.0003424675884,0.0005421890528,0,8.881784197e-16
122,0.002323357388,Long axis -,0.0003406626646,0.0005411202437,0,0
123,0.002415586496,Long axis -,0.0003405761598,0.0005371902953,0,8.881784197e-16
124,0.002512267791,Long axis -,0.0003376682188,0.0005429909797,0,8.881784197e-16
125,0.002613524906,Long axis -,0.0003334977569,0.0005416169297,0,1.776356839e-15
126,0.002719481243,Long axis -,0.0003325366764,0.0005463380367,0,8.881784197e-16
127,0.002830260666,Long axis -,0.0003314654169,0.000542672351,0,0
128,0.002945986111,Long axis -,0.0003307713235,0.0005453958292,0,0
129,0.003066781443,Long axis -,0.0003290066186,0.000543351227,0,1.776356839e-15
130,0.003192770295,Long axis -,0.0003237440099,0.0005419602967,0,8.881784197e-16
131,0.003324075835,Long axis -,0.0003161664622,0.0005398460198,0,8.881784197e-16
132,0.003460821928,Long axis -,0.0003099111728,0.0005399667425,0,8.881784197e-16
133,0.003603131743,Long axis -,0.0003061367391,0.0005358221242,0,8.881784197e-16
134,0.003751129145,Long axis -,0.0003064742049,0.0005391323939,0,8.881784197e-16
135,0.003904937534,Long axis -,0.0003051352518,0.0005387381534,0,0
136,0.004064680543,Long axis -,0.0002993794008,0.0005292507703,0,8.881784197e-16
137,0.004230481107,Long axis -,0.0002924280258,0.0005366983241,0,0
138,0.004402463324,Long axis -,0.0002882637154,0.0005344871315,0,8.881784197e-16
139,0.004580750596,Long axis -,0.0002876633468,0.0005347845145,0,8.881784197e-16
140,0.004765466787,Long axis -,0.0002851467332,0.0005290982081,0,0
141,0.004956734832,Long axis -,0.000275458535,0.0005333359586,0,1.776356839e-15
142,0.005154678132,Long axis -,0.0002653655477,0.0005271379487,0,0
143,0.005359421019,Long axis -,0.0002634274518,0.0005262512132,0,8.881784197e-16
144,0.00557108596,Long axis -,0.0002616488308,0.0005223819171,0,1.776356839e-15
145,0.005789797753,Long axis -,0.0002511117031,0.0005175812985,0,1.776356839e-15
146,0.006015678868,Long axis -,0.0002409424362,0.0005133728846,0,8.881784197e-16
147,0.006248853169,Long axis -,0.0002395507242,0.0005094470107,0,0
148,0.006489444058,Long axis -,0.0002331923462,0.000513553503,0,8.881784197e-16
149,0.006737575401,Long axis -,0.0002173016329,0.0005158417043,0,0
150,0.006993370131,Long axis -,0.0002109640027,0.0005119993002,0,8.881784197e-16
151,0.00725695258,Long axis -,0.000208981562,0.0005030009779,0,0
152,0.007528445683,Long axis -,0.0001942353008,0.0004832712293,0,0
153,0.007807972841,Long axis -,0.0001838849246,0.0004537583445,0,8.881784197e-16
154,0.008095657453,Long axis -,0.0001765128896,0.0004492724547,0,8.881784197e-16
155,0.008391624317,Long axis -,0.0001632710045,0.0004317737476,0,8.881784197e-16
156,0.008695995435,Long axis -,0.0001644242487,0.0004384981294,0,8.881784197e-16
157,0.009008895606,Long axis -,0.0001553655151,0.0004527315032,0,1.776356839e-15
158,0.009330446832,Long axis -,0.0001235506074,0.0003563732898,0,0
159,0.009660773911,Long axis -,0.0001249212581,0.0003631628933,0,8.881784197e-16
160,0.009999999776,Long axis -,0.0001233532844,0.0003455426777,0,8.881784197e-16
1,3.942822957e-08,Short axis +,0.003257841985,0.004852003418,0,2.664535259e-15
2,3.548344409e-07,Short axis +,0.003254527582,0.004848702345,0,8.881784197e-16
3,9.855421013e-07,Short axis +,0.003249738933,0.004844877403,0,8.881784197e-16
4,1.931341785e-06,Short axis +,0.00324224016,0.004838513676,0,0
5,3.191919632e-06,Short axis +,0.003232643189,0.004830526654,0,0
6,4.766856819e-06,Short axis +,0.00322042475,0.004819893278,0,0
7,6.655630841e-06,Short axis +,0.003206207437,0.004807544872,0,8.881784197e-16
8,8.857614375e-06,Short axis +,0.003189399906,0.004792209249,0,0
9,1.137207619e-05,Short axis +,0.003170712075,0.00477500353,0,0
10,1.419818091e-05,Short axis +,0.003149475698,0.004754370544,0,0
11,1.733499266e-05,Short axis +,0.003126492801,0.004731667228,0,1.776356839e-15
12,2.078146645e-05,Short axis +,0.00310101706,0.004705027211,0,8.881784197e-16
13,2.453645902e-05,Short axis +,0.003073945053,0.004676094744,0,0
14,2.85987262e-05,Short axis +,0.003044443948,0.004642668646,0,0
15,3.296691648e-05,Short axis +,0.003013516334,0.00460672006,0,0
16,3.763958011e-05,Short axis +,0.002980226051,0.004565698095,0,0
17,4.261516733e-05,Short axis +,0.002945710703,0.004521935247,0,8.881784197e-16
18,4.789202285e-05,Short axis +,0.00290889835,0.004472524859,0,0
19,5.34683968e-05,Short axis +,0.002871112796,0.004420176148,0,8.881784197e-16
20,5.934243745e-05,Short axis +,0.002831090686,0.004361643456,0,1.776356839e-15
21,6.551219849e-05,Short axis +,0.00279041849,0.004300012253,0,8.881784197e-16
22,7.197562081e-05,Short axis +,0.002747553263,0.004231737927,0,0
23,7.873056893e-05,Short axis +,0.002704434719,0.00416026311,0,0
24,8.577479457e-05,Short axis +,0.002659110555,0.004081798252,0,8.881784197e-16
25,9.310596215e-05,Short axis +,0.002613963382,0.00400010217,0,1.776356839e-15
26,0.0001007216342,Short axis +,0.002566481747,0.003920959309,0,8.881784197e-16
27,0.000108619286,Short axis +,0.002519592307,0.003912408371,0,8.881784197e-16
28,0.000116796291,Short axis +,0.002470128768,0.003893970512,0,0
29,0.0001252499351,Short axis +,0.002421707896,0.003868405242,0,0
30,0.0001339774171,Short axis +,0.002370521951,0.003831870388,0,0
31,0.0001429758413,Short axis +,0.002320996426,0.00378999766,0,1.776356839e-15
32,0.0001522421953,Short axis +,0.002268671512,0.003740594489,0,8.881784197e-16
33,0.0001617734379,Short axis +,0.002218616765,0.003688255325,0,0
34,0.0001715663821,Short axis +,0.0021654676,0.003624357749,0,0
35,0.0001816177828,Short axis +,0.002114441125,0.003542152932,0,8.881784197e-16
36,0.0001919242932,Short axis +,0.002059082057,0.003418422071,0,8.881784197e-16
37,0.000202482508,Short axis +,0.002004690989,0.003235669807,0,8.881784197e-16
38,0.0002132889203,Short axis +,0.001944664637,0.002969792113,0,0
39,0.0002243399358,Short axis +,0.001885582239,0.002795348875,0,8.881784197e-16
40,0.0002356318728,Short axis +,0.001822390017,0.002741674893,0,8.881784197e-16
41,0.0002471609914,Short axis +,0.001763151429,0.00268300483,0,8.881784197e-16
42,0.0002589234791,Short axis +,0.001703367944,0.00261714193,0,8.881784197e-16
43,0.0002709154214,Short axis +,0.001649714693,0.002546409378,0,8.881784197e-16
44,0.0002831328311,Short axis +,0.001596259632,0.002469314495,0,1.776356839e-15
45,0.0002955716336,Short axis +,0.001547543897,0.002387650777,0,8.881784197e-16
46,0.0003082277544,Short axis +,0.001497798322,0.002300638007,0,8.881784197e-16
47,0.0003210969153,Short axis +,0.001451099974,0.002253513318,0,0
48,0.0003341749252,Short axis +,0.001403208201,0.002230048878,0,8.881784197e-16
49,0.0003474573896,Short axis +,0.001357758273,0.002202472417,0,0
50,0.0003609398846,Short axis +,0.001311730434,0.002170183463,0,0
51,0.0003746179864,Short axis +,0.001267668899,0.002134562936,0,8.881784197e-16
52,0.0003884871257,Short axis +,0.001223407464,0.002091087634,0,0
53,0.0004025427043,Short axis +,0.001180330009,0.002039382234,0,8.881784197e-16
54,0.0004167800362,Short axis +,0.001137366129,0.001978436951,0,0
55,0.0004311944067,Short axis +,0.001095110265,0.001912354375,0,0
56,0.0004457810428,Short axis +,0.001053325173,0.001837335061,0,8.881784197e-16
57,0.000460535055,Short axis +,0.001011242172,0.001741948305,0,0
58,0.0004754516121,Short axis +,0.0009687317208,0.001602382748,0,0
59,0.0004905257374,Short axis +,0.0009244988047,0.001401377609,0,0
60,0.0005057523958,Short axis +,0.000880497841,0.001321695163,0,8.881784197e-16
61,0.0005211265525,Short axis +,0.0008370949053,0.001261219266,0,8.881784197e-16
62,0.0005366431433,Short axis +,0.0007974937425,0.001235393924,0,8.881784197e-16
63,0.0005522969295,Short axis +,0.0007604226228,0.001218444319,0,8.881784197e-16
64,0.000568082789,Short axis +,0.0007269721444,0.001196349389,0,0
65,0.0005839954247,Short axis +,0.0006945155191,0.001172056654,0,8.881784197e-16
66,0.000600029598,Short axis +,0.000664167962,0.001144678099,0,0
67,0.0006161799538,Short axis +,0.000634035575,0.001115660765,0,1.776356839e-15
68,0.0006324411952,Short axis +,0.0006053774202,0.001081340597,0,8.881784197e-16
69,0.0006488077925,Short axis +,0.0005768254583,0.001042198855,0,0
70,0.0006652744487,Short axis +,0.0005494260122,0.0009958904702,0,1.776356839e-15
71,0.0006818356342,Short axis +,0.0005222910167,0.0009418728296,0,8.881784197e-16
72,0.0006984858774,Short axis +,0.0004957698442,0.000870854652,0,8.881784197e-16
73,0.0007152195903,Short axis +,0.000469265229,0.000773987791,0,8.881784197e-16
74,0.0007320312434,Short axis +,0.0004428936916,0.0006630058051,0,0
75,0.0007489153068,Short axis +,0.0004175950223,0.000650124508,0,8.881784197e-16
76,0.0007658660761,Short axis +,0.0003936703806,0.0006415779353,0,8.881784197e-16
77,0.0007828780217,Short axis +,0.0003724141512,0.0006332835765,0,1.776356839e-15
78,0.0007999454974,Short axis +,0.0003526321787,0.0006228347775,0,8.881784197e-16
79,0.0008170627407,Short axis +,0.0003363489173,0.0006145943189,0,1.776356839e-15
80,0.0008342241053,Short axis +,0.0003236087038,0.0006089794915,0,8.881784197e-16
81,0.0008509967593,Short axis +,0.0003177978924,0.0006096083089,0,0
82,0.0008670337847,Short axis +,0.0003138971742,0.0006079583545,0,8.881784197e-16
83,0.0008824588149,Short axis +,0.0003112102929,0.0005988334306,0,0
84,0.0008973953081,Short axis +,0.0003085808285,0.0005796983023,0,0
85,0.0009119667811,Short axis +,0.0003066034657,0.0005481527769,0,1.776356839e-15
86,0.0009262968088,Short axis +,0.0003042636129,0.0005032554036,0,8.881784197e-16
87,0.0009405088495,Short axis +,0.0003025975561,0.0004583310219,0,8.881784197e-16
88,0.0009547264199,Short axis +,0.0003007708747,0.0004760770535,0,8.881784197e-16
89,0.0009690730949,Short axis +,0.0002999760475,0.0005020826939,0,8.881784197e-16
90,0.0009836723329,Short axis +,0.0002993275574,0.0005283234059,0,8.881784197e-16
91,0.0009986477671,Short axis +,0.0002997569622,0.0005524958251,0,0
92,0.001014122739,Short axis +,0.0003001256602,0.0005717153545,0,8.881784197e-16
93,0.001030220883,Short axis +,0.0003010727134,0.0005831994931,0,8.881784197e-16
94,0.001047065714,Short axis +,0.0003015599671,0.0005850330926,0,8.881784197e-16
95,0.00106478075,Short axis +,0.0003023043511,0.0005764319794,0,0
96,0.001083489507,Short axis +,0.0003026731794,0.0005571524962,0,8.881784197e-16
97,0.001103315502,Short axis +,0.0003033678493,0.0005261792103,0,1.776356839e-15
98,0.001124382252,Short axis +,0.0003039087492,0.0004805681237,0,0
99,0.001146813156,Short axis +,0.0003045907045,0.0004807836667,0,8.881784197e-16
100,0.001170731965,Short axis +,0.0003050128355,0.0005286054802,0,8.881784197e-16
101,0.001196261961,Short axis +,0.0003052999316,0.0005591716035,0,1.776356839e-15
102,0.001223526895,Short axis +,0.0003057072753,0.0005668699741,0,0
103,0.001252650167,Short axis +,0.0003062776793,0.0005534425727,0,0
104,0.001283755293,Short axis +,0.0003073385283,0.0005219710874,0,0
105,0.001316965674,Short axis +,0.0003081515537,0.0004718302225,0,0
106,0.001352405059,Short axis +,0.0003085323499,0.0005066564772,0,0
107,0.001390196849,Short axis +,0.000307167891,0.0005420610541,0,0
108,0.001430464676,Short axis +,0.0003058193029,0.0005375217879,0,8.881784197e-16
109,0.001473331824,Short axis +,0.0003047448367,0.000503245974,0,0
110,0.001518922043,Short axis +,0.0003044881122,0.0004814448184,0,0
111,0.001567358733,Short axis +,0.0003028577174,0.0005103178555,0,0
112,0.001618765411,Short axis +,0.0003003273879,0.0005149233621,0,0
113,0.001673265593,Short axis +,0.0002992507336,0.0004775032867,0,0
114,0.001730982913,Short axis +,0.0002992368299,0.0004898744519,0,1.776356839e-15
115,0.00179204077,Short axis +,0.0002986233003,0.0004933365854,0,0
116,0.001856562681,Short axis +,0.0002988520091,0.0004717938427,0,0
117,0.001924672164,Short axis +,0.0003008124959,0.0004777433642,0,8.881784197e-16
118,0.001996492967,Short axis +,0.000301225686,0.0004973059404,0,0
119,0.002072148258,Short axis +,0.0003024739122,0.0005057397066,0,1.776356839e-15
120,0.00215176167,Short axis +,0.0003026885737,0.0004907932016,0,1.776356839e-15
121,0.002235456835,Short axis +,0.0003016082275,0.0005372952437,0,8.881784197e-16
122,0.002323357388,Short axis +,0.0003009968728,0.0005357282353,0,8.881784197e-16
123,0.002415586496,Short axis +,0.0002997365546,0.0005598983262,0,1.776356839e-15
124,0.002512267791,Short axis +,0.000300654197,0.0005731533165,0,8.881784197e-16
125,0.002613524906,Short axis +,0.0003027568157,0.0005870425957,0,8.881784197e-16
126,0.002719481243,Short axis +,0.0003060768033,0.0005929201143,0,1.776356839e-15
127,0.002830260666,Short axis +,0.0003088988083,0.0006213815068,0,1.776356839e-15
128,0.002945986111,Short axis +,0.0003086972066,0.0005821830709,0,8.881784197e-16
129,0.003066781443,Short axis +,0.0003061793982,0.000646450324,0,0
130,0.003192770295,Short axis +,0.000303075152,0.0006241484662,0,8.881784197e-16
131,0.003324075835,Short axis +,0.0003029311193,0.0006216710899,0,8.881784197e-16
132,0.003460821928,Short axis +,0.0003063367913,0.0006610174896,0,1.776356839e-15
133,0.003603131743,Short axis +,0.0003087612069,0.0006437308621,0,8.881784197e-16
134,0.003751129145,Short axis +,0.0003071131642,0.0005886697327,0,8.881784197e-16
135,0.003904937534,Short axis +,0.0003025877268,0.0006365456502,0,0
136,0.004064680543,Short axis +,0.0003005569221,0.0006506079226,0,8.881784197e-16
137,0.004230481107,Short axis +,0.0003040868102,0.0006428409251,0,8.881784197e-16
138,0.004402463324,Short axis +,0.0003064656249,0.0006654444733,0,0
139,0.004580750596,Short axis +,0.0003005321043,0.0006752824993,0,0
140,0.004765466787,Short axis +,0.0002926996834,0.0006786889862,0,0
141,0.004956734832,Short axis +,0.0002934478031,0.0006807274185,0,8.881784197e-16
142,0.005154678132,Short axis +,0.000293514508,0.0006814631051,0,0
143,0.005359421019,Short axis +,0.0002819808057,0.0006820858689,0,0
144,0.00557108596,Short axis +,0.0002711573513,0.0006822905852,0,8.881784197e-16
145,0.005789797753,Short axis +,0.0002701524757,0.0006769926986,0,1.776356839e-15
146,0.006015678868,Short axis +,0.0002566037854,0.0006733954069,0,1.776356839e-15
147,0.006248853169,Short axis +,0.0002298358008,0.0006741571124,0,0
148,0.006489444058,Short axis +,0.0002220496488,0.0006700482336,0,0
149,0.006737575401,Short axis +,0.0002003691618,0.000631701434,0,8.881784197e-16
150,0.006993370131,Short axis +,0.0001672030653,0.0005618405994,0,8.881784197e-16
151,0.00725695258,Short axis +,0.0001591107686,0.0005286347587,0,8.881784197e-16
152,0.007528445683,Short axis +,0.0001348123815,0.0004621996195,0,8.881784197e-16
153,0.007807972841,Short axis +,0.0001089874794,0.0003839757992,0,1.776356839e-15
154,0.008095657453,Short axis +,0.0001037094588,0.0003692953906,0,0
155,0.008391624317,Short axis +,8.507007182e-05,0.0003333229979,0,8.881784197e-16
156,0.008695995435,Short axis +,6.36620398e-05,0.0002731777495,0,8.881784197e-16
157,0.009008895606,Short axis +,5.83492918e-05,0.0002419374214,0,8.881784197e-16
158,0.009330446832,Short axis +,3.376087998e-05,0.0001425322407,0,0
159,0.009660773911,Short axis +,2.849492607e-05,0.0001293434616,0,8.881784197e-16
160,0.009999999776,Short axis +,2.667019311e-05,0.0001270989596,0,1.776356839e-15
1,3.942822957e-08,Short axis -,0.003257841985,0.004852003418,0,8.881784197e-16
2,3.548344409e-07,Short axis -,0.003254527582,0.004848702345,0,0
3,9.855421013e-07,Short axis -,0.003249738933,0.004844877403,0,0
4,1.931341785e-06,Short axis -,0.00324224016,0.004838513676,0,0
5,3.191919632e-06,Short axis -,0.003232643189,0.004830526654,0,0
6,4.766856819e-06,Short axis -,0.00322042475,0.004819893278,0,8.881784197e-16
7,6.655630841e-06,Short axis -,0.003206207437,0.004807544872,0,0
8,8.857614375e-06,Short axis -,0.003189399906,0.004792209249,0,8.881784197e-16
9,1.137207619e-05,Short axis -,0.003170712075,0.00477500353,0,8.881784197e-16
10,1.419818091e-05,Short axis -,0.003149475698,0.004754370544,0,8.881784197e-16
11,1.733499266e-05,Short axis -,0.003126492801,0.004731667228,0,8.881784197e-16
12,2.078146645e-05,Short axis -,0.00310101706,0.004705027211,0,8.881784197e-16
13,2.453645902e-05,Short axis -,0.003073945053,0.004676094744,0,0
14,2.85987262e-05,Short axis -,0.003044443948,0.004642668646,0,8.881784197e-16
15,3.296691648e-05,Short axis -,0.003013516334,0.00460672006,0,8.881784197e-16
16,3.763958011e-05,Short axis -,0.002980226051,0.004565698095,0,8.881784197e-16
17,4.261516733e-05,Short axis -,0.002945710703,0.004521935247,0,0
18,4.789202285e-05,Short axis -,0.00290889835,0.004472524859,0,8.881784197e-16
19,5.34683968e-05,Short axis -,0.002871112796,0.004420176148,0,8.881784197e-16
20,5.934243745e-05,Short axis -,0.002831090686,0.004361643456,0,8.881784197e-16
21,6.551219849e-05,Short axis -,0.00279041849,0.004300012253,0,0
22,7.197562081e-05,Short axis -,0.002747553263,0.004231737927,0,0
23,7.873056893e-05,Short axis -,0.002704434719,0.00416026311,0,0
24,8.577479457e-05,Short axis -,0.002659110555,0.004081798252,0,8.881784197e-16
25,9.310596215e-05,Short axis -,0.002613963382,0.00400010217,0,8.881784197e-16
26,0.0001007216342,Short axis -,0.002566481747,0.003920959309,0,8.881784197e-16
27,0.000108619286,Short axis -,0.002519592307,0.003912408371,0,0
28,0.000116796291,Short axis -,0.002470128768,0.003893970512,0,0
29,0.0001252499351,Short axis -,0.002421707896,0.003868405242,0,8.881784197e-16
30,0.0001339774171,Short axis -,0.002370521951,0.003831870388,0,8.881784197e-16
31,0.0001429758413,Short axis -,0.002320996431,0.00378999766,0,0
32,0.0001522421953,Short axis -,0.002268671512,0.003740594489,0,0
33,0.0001617734379,Short axis -,0.002218616765,0.003688255325,0,8.881784197e-16
34,0.0001715663821,Short axis -,0.0021654676,0.003624357749,0,8.881784197e-16
35,0.0001816177828,Short axis -,0.002114441125,0.003542152932,0,8.881784197e-16
36,0.0001919242932,Short axis -,0.002059082057,0.003418422071,0,8.881784197e-16
37,0.000202482508,Short axis -,0.002004690989,0.003235669807,0,0
38,0.0002132889203,Short axis -,0.001944664637,0.002969792113,0,8.881784197e-16
39,0.0002243399358,Short axis -,0.001885582239,0.002795348875,0,8.881784197e-16
40,0.0002356318728,Short axis -,0.001822390017,0.002741674893,0,0
41,0.0002471609914,Short axis -,0.001763151429,0.00268300483,0,0
42,0.0002589234791,Short axis -,0.001703367944,0.00261714193,0,0
43,0.0002709154214,Short axis -,0.001649714693,0.002546409378,0,8.881784197e-16
44,0.0002831328311,Short axis -,0.001596259632,0.002469314495,0,1.776356839e-15
45,0.0002955716336,Short axis -,0.001547543897,0.002387650777,0,8.881784197e-16
46,0.0003082277544,Short axis -,0.001497798322,0.002300638007,0,0
47,0.0003210969153,Short axis -,0.001451099974,0.002253513318,0,0
48,0.0003341749252,Short axis -,0.001403208201,0.002230048878,0,8.881784197e-16
49,0.0003474573896,Short axis -,0.001357758273,0.002202472417,0,1.776356839e-15
50,0.0003609398846,Short axis -,0.001311730434,0.002170183463,0,1.776356839e-15
51,0.0003746179864,Short axis -,0.001267668899,0.002134562936,0,8.881784197e-16
52,0.0003884871257,Short axis -,0.001223407464,0.002091087634,0,0
53,0.0004025427043,Short axis -,0.001180330009,0.002039382234,0,0
54,0.0004167800362,Short axis -,0.001137366129,0.001978436951,0,0
55,0.0004311944067,Short axis -,0.001095110265,0.001912354375,0,0
56,0.0004457810428,Short axis -,0.001053325173,0.001837335061,0,8.881784197e-16
57,0.000460535055,Short axis -,0.001011242172,0.001741948305,0,8.881784197e-16
58,0.0004754516121,Short axis -,0.0009687317208,0.001602382748,0,0
59,0.0004905257374,Short axis -,0.0009244988047,0.001401377609,0,8.881784197e-16
60,0.0005057523958,Short axis -,0.000880497841,0.001321695163,0,0
61,0.0005211265525,Short axis -,0.0008370949053,0.001261219266,0,8.881784197e-16
62,0.0005366431433,Short axis -,0.0007974937425,0.001235393924,0,0
63,0.0005522969295,Short axis -,0.0007604226228,0.001218444319,0,8.881784197e-16
64,0.000568082789,Short axis -,0.0007269721444,0.001196349389,0,0
65,0.0005839954247,Short axis -,0.0006945155191,0.001172056654,0,1.776356839e-15
66,0.000600029598,Short axis -,0.000664167962,0.001144678099,0,0
67,0.0006161799538,Short axis -,0.000634035575,0.001115660765,0,8.881784197e-16
68,0.0006324411952,Short axis -,0.0006053774202,0.001081340597,0,8.881784197e-16
69,0.0006488077925,Short axis -,0.0005768254583,0.001042198855,0,8.881784197e-16
70,0.0006652744487,Short axis -,0.0005494260122,0.0009958904702,0,0
71,0.0006818356342,Short axis -,0.0005222910167,0.0009418728296,0,8.881784197e-16
72,0.0006984858774,Short axis -,0.0004957698442,0.000870854652,0,0
73,0.0007152195903,Short axis -,0.000469265229,0.000773987791,0,0
74,0.0007320312434,Short axis -,0.0004428936911,0.0006630058051,0,8.881784197e-16
75,0.0007489153068,Short axis -,0.0004175950223,0.000650124508,0,8.881784197e-16
76,0.0007658660761,Short axis -,0.0003936703806,0.0006415779353,0,0
77,0.0007828780217,Short axis -,0.0003724141512,0.0006332835765,0,8.881784197e-16
78,0.0007999454974,Short axis -,0.0003526321787,0.0006228347775,0,0
79,0.0008170627407,Short axis -,0.0003363489173,0.0006145943189,0,1.776356839e-15
80,0.0008342241053,Short axis -,0.0003236087038,0.0006089794915,0,8.881784197e-16
81,0.0008509967593,Short axis -,0.0003177978924,0.0006096083089,0,8.881784197e-16
82,0.0008670337847,Short axis -,0.0003138971742,0.0006079583545,0,8.881784197e-16
83,0.0008824588149,Short axis -,0.0003112102929,0.0005988334306,0,8.881784197e-16
84,0.0008973953081,Short axis -,0.0003085808294,0.0005796983023,0,0
85,0.0009119667811,Short axis -,0.0003066034657,0.0005481527769,0,8.881784197e-16
86,0.0009262968088,Short axis -,0.0003042636129,0.0005032554036,0,0
87,0.0009405088495,Short axis -,0.0003025975561,0.0004583310219,0,8.881784197e-16
88,0.0009547264199,Short axis -,0.0003007708747,0.0004760770535,0,8.881784197e-16
89,0.0009690730949,Short axis -,0.0002999760475,0.0005020826939,0,0
90,0.0009836723329,Short axis -,0.0002993275574,0.0005283234059,0,8.881784197e-16
91,0.0009986477671,Short axis -,0.0002997569622,0.0005524958251,0,8.881784197e-16
92,0.001014122739,Short axis -,0.0003001256602,0.0005717153545,0,0
93,0.001030220883,Short axis -,0.0003010727134,0.0005831994931,0,2.664535259e-15
94,0.001047065714,Short axis -,0.0003015599671,0.0005850330926,0,8.881784197e-16
95,0.00106478075,Short axis -,0.0003023043511,0.0005764319794,0,8.881784197e-16
96,0.001083489507,Short axis -,0.0003026731794,0.0005571524962,0,8.881784197e-16
97,0.001103315502,Short axis -,0.0003033678493,0.0005261792103,0,8.881784197e-16
98,0.001124382252,Short axis -,0.0003039087492,0.0004805681237,0,8.881784197e-16
99,0.001146813156,Short axis -,0.0003045907045,0.0004807836667,0,0
100,0.001170731965,Short axis -,0.0003050128355,0.0005286054802,0,8.881784197e-16
101,0.001196261961,Short axis -,0.0003052999316,0.0005591716035,0,0
102,0.001223526895,Short axis -,0.0003057072753,0.0005668699741,0,0
103,0.001252650167,Short axis -,0.0003062776793,0.0005534425727,0,0
104,0.001283755293,Short axis -,0.0003073385283,0.0005219710874,0,0
105,0.001316965674,Short axis -,0.0003081515537,0.0004718302225,0,0
106,0.001352405059,Short axis -,0.0003085323499,0.0005066564772,0,0
107,0.001390196849,Short axis -,0.000307167891,0.0005420610541,0,0
108,0.001430464676,Short axis -,0.0003058193029,0.0005375217879,0,8.881784197e-16
109,0.001473331824,Short axis -,0.0003047448367,0.000503245974,0,0
110,0.001518922043,Short axis -,0.0003044881122,0.0004814448184,0,0
111,0.001567358733,Short axis -,0.0003028577174,0.0005103178555,0,1.776356839e-15
112,0.001618765411,Short axis -,0.0003003273879,0.0005149233621,0,8.881784197e-16
113,0.001673265593,Short axis -,0.0002992507336,0.0004775032867,0,0
114,0.001730982913,Short axis -,0.0002992368299,0.0004898744519,0,1.776356839e-15
115,0.00179204077,Short axis -,0.0002986233003,0.0004933365854,0,0
116,0.001856562681,Short axis -,0.0002988520091,0.0004717938427,0,1.776356839e-15
117,0.001924672164,Short axis -,0.0003008124959,0.0004777433642,0,8.881784197e-16
118,0.001996492967,Short axis -,0.000301225686,0.0004973059404,0,0
119,0.002072148258,Short axis -,0.0003024739122,0.0005057397066,0,8.881784197e-16
120,0.00215176167,Short axis -,0.0003026885737,0.0004907932016,0,0
121,0.002235456835,Short axis -,0.0003016082275,0.0005372952437,0,8.881784197e-16
122,0.002323357388,Short axis -,0.0003009968728,0.0005357282353,0,8.881784197e-16
123,0.002415586496,Short axis -,0.0002997365546,0.0005598983262,0,0
124,0.002512267791,Short axis -,0.000300654197,0.0005731533165,0,8.881784197e-16
125,0.002613524906,Short axis -,0.0003027568157,0.0005870425957,0,8.881784197e-16
126,0.002719481243,Short axis -,0.0003060768033,0.0005929201143,0,1.776356839e-15
127,0.002830260666,Short axis -,0.0003088988083,0.0006213815068,0,8.881784197e-16
128,0.002945986111,Short axis -,0.0003086972066,0.0005821830709,0,0
129,0.003066781443,Short axis -,0.0003061793982,0.000646450324,0,8.881784197e-16
130,0.003192770295,Short axis -,0.000303075152,0.0006241484662,0,1.776356839e-15
131,0.003324075835,Short axis -,0.0003029311193,0.0006216710899,0,8.881784197e-16
132,0.003460821928,Short axis -,0.0003063367913,0.0006610174896,0,0
133,0.003603131743,Short axis -,0.0003087612069,0.0006437308621,0,8.881784197e-16
134,0.003751129145,Short axis -,0.0003071131642,0.0005886697327,0,0
135,0.003904937534,Short axis -,0.0003025877268,0.0006365456502,0,8.881784197e-16
136,0.004064680543,Short axis -,0.0003005569221,0.0006506079226,0,8.881784197e-16
137,0.004230481107,Short axis -,0.0003040868102,0.0006428409251,0,0
138,0.004402463324,Short axis -,0.0003064656249,0.0006654444733,0,8.881784197e-16
139,0.004580750596,Short axis -,0.0003005321043,0.0006752824993,0,8.881784197e-16
140,0.004765466787,Short axis -,0.0002926996834,0.0006786889862,0,0
141,0.004956734832,Short axis -,0.0002934478031,0.0006807274185,0,8.881784197e-16
142,0.005154678132,Short axis -,0.000293514508,0.0006814631051,0,8.881784197e-16
143,0.005359421019,Short axis -,0.0002819808057,0.0006820858689,0,0
144,0.00557108596,Short axis -,0.0002711573513,0.0006822905852,0,0
145,0.005789797753,Short axis -,0.0002701524757,0.0006769926986,0,8.881784197e-16
146,0.006015678868,Short axis -,0.0002566037854,0.0006733954069,0,0
147,0.006248853169,Short axis -,0.0002298358008,0.0006741571124,0,0
148,0.006489444058,Short axis -,0.0002220496488,0.0006700482336,0,0
149,0.006737575401,Short axis -,0.0002003691618,0.000631701434,0,0
150,0.006993370131,Short axis -,0.0001672030653,0.0005618405994,0,8.881784197e-16
151,0.00725695258,Short axis -,0.0001591107687,0.0005286347587,0,0
152,0.007528445683,Short axis -,0.0001348123814,0.0004621996195,0,8.881784197e-16
153,0.007807972841,Short axis -,0.0001089874794,0.0003839757992,0,1.776356839e-15
154,0.008095657453,Short axis -,0.0001037094571,0.0003692953906,0,0
155,0.008391624317,Short axis -,8.507006931e-05,0.0003333229979,0,8.881784197e-16
156,0.008695995435,Short axis -,6.36620379e-05,0.0002731777204,0,0
157,0.009008895606,Short axis -,5.834929191e-05,0.0002419374214,0,8.881784197e-16
158,0.009330446832,Short axis -,3.376088125e-05,0.0001425322407,0,0
159,0.009660773911,Short axis -,2.8494929e-05,0.0001293434761,0,0
160,0.009999999776,Short axis -,2.667019288e-05,0.0001270989742,0,0
