i,x,label,P_mean_late,P_rms_late,P_harmonic_amp,P_harmonic_phase_rad
1,3.942822957e-08,Long axis +,0.0001605487664,0.003328145054,0.004630893912,-0.1721262232
2,3.548344409e-07,Long axis +,0.0001604746301,0.003326704487,0.004628844639,-0.1732992482
3,9.855421013e-07,Long axis +,0.0001599153253,0.003325088064,0.004626335353,-0.1753992074
4,1.931341785e-06,Long axis +,0.00015936379,0.00332272475,0.004622692563,-0.1785530313
5,3.191919632e-06,Long axis +,0.0001584187886,0.003319828109,0.004618155423,-0.1827058019
6,4.766856819e-06,Long axis +,0.0001574558631,0.003316158955,0.004612438607,-0.187916602
7,6.655630841e-06,Long axis +,0.0001561005445,0.003311904487,0.004605769072,-0.1941403229
8,8.857614375e-06,Long axis +,0.0001547102558,0.003306822253,0.004597838761,-0.2014245447
9,1.137207619e-05,Long axis +,0.0001529344236,0.003301133099,0.004588934156,-0.2097281436
10,1.419818091e-05,Long axis +,0.0001511029347,0.003294578082,0.004578718165,-0.2190935273
11,1.733499266e-05,Long axis +,0.000148896462,0.003287404066,0.004567516195,-0.2294815127
12,2.078146645e-05,Long axis +,0.0001466124642,0.003279326021,0.004554958599,-0.2409352201
13,2.453645902e-05,Long axis +,0.0001439648749,0.003270614107,0.00454139704,-0.2534124032
14,2.85987262e-05,Long axis +,0.0001412173537,0.003260955993,0.004526436817,-0.2669628698
15,3.296691648e-05,Long axis +,0.0001381180385,0.003250642662,0.004510444636,-0.2815344575
16,3.763958011e-05,Long axis +,0.0001348963728,0.003239340526,0.004493016594,-0.2971903993
17,4.261516733e-05,Long axis +,0.0001313366191,0.003227351914,0.004474516093,-0.3138619409
18,4.789202285e-05,Long axis +,0.0001276315756,0.003214339025,0.004454557407,-0.3316308962
19,5.34683968e-05,Long axis +,0.0001236059726,0.003200592047,0.004433468027,-0.3504087834
20,5.934243745e-05,Long axis +,0.0001194116233,0.003185802527,0.004410923577,-0.3702951205
21,6.551219849e-05,Long axis +,0.0001149186687,0.00317020623,0.004387166241,-0.3911877149
22,7.197562081e-05,Long axis +,0.0001102353525,0.003153577022,0.004361990988,-0.4131899266
23,7.873056893e-05,Long axis +,0.0001052776605,0.003136036637,0.004335496182,-0.4362089342
24,8.577479457e-05,Long axis +,0.0001001155799,0.003117504415,0.004307650109,-0.460316242
25,9.310596215e-05,Long axis +,9.46988711e-05,0.003097928844,0.00427837002,-0.4854778775
26,0.0001007216342,Long axis +,8.908352238e-05,0.003077421836,0.004247806025,-0.5116669452
27,0.000108619286,Long axis +,8.321469068e-05,0.003055737507,0.004215733744,-0.5389915952
28,0.000116796291,Long axis +,7.719215469e-05,0.003033158879,0.004182374478,-0.5672247092
29,0.0001252499351,Long axis +,7.087776058e-05,0.003009328335,0.004147566704,-0.5967333279
30,0.0001339774171,Long axis +,6.451960508e-05,0.002984535951,0.004111278038,-0.6269599796
31,0.0001429758413,Long axis +,5.776557246e-05,0.002958576642,0.004073873699,-0.6586653192
32,0.0001522421953,Long axis +,5.117087581e-05,0.002931364716,0.004034442889,-0.6908292164
33,0.0001617734379,Long axis +,4.398521243e-05,0.002903359214,0.003994665033,-0.7247208255
34,0.0001715663821,Long axis +,3.727875098e-05,0.002873453377,0.003951799083,-0.7587724202
35,0.0001816177828,Long axis +,2.967843624e-05,0.002843538402,0.003909923559,-0.7947966966
36,0.0001919242932,Long axis +,2.300350183e-05,0.002810617109,0.00386328363,-0.8307090528
37,0.000202482508,Long axis +,1.502534415e-05,0.002778940885,0.003819563256,-0.8687490623
38,0.0002132889203,Long axis +,8.531749937e-06,0.002742689521,0.003768840189,-0.9065308537
39,0.0002243399358,Long axis +,2.457704993e-07,0.00270933768,0.003723389374,-0.9463943243
40,0.0002356318728,Long axis +,-5.924196043e-06,0.002669528827,0.003668407001,-0.9860915278
41,0.0002471609914,Long axis +,-1.440307373e-05,0.002634435842,0.003621075494,-1.027516234
42,0.0002589234791,Long axis +,-2.012684443e-05,0.002591012506,0.003561886707,-1.069195173
43,0.0002709154214,Long axis +,-2.863317976e-05,0.00255389048,0.003512169465,-1.111877056
44,0.0002831328311,Long axis +,-3.381467262e-05,0.002507016561,0.003449096902,-1.155588168
45,0.0002955716336,Long axis +,-4.213625846e-05,0.002467339197,0.003396130962,-1.199229029
46,0.0003082277544,Long axis +,-4.670527035e-05,0.002417388587,0.00332971879,-1.244959872
47,0.0003210969153,Long axis +,-5.459652818e-05,0.002374451396,0.003272390559,-1.289322087
48,0.0003341749252,Long axis +,-5.85021746e-05,0.002321929832,0.003203269226,-1.336955768
49,0.0003474573896,Long axis +,-6.57045204e-05,0.002274979219,0.003140413954,-1.381906536
50,0.0003609398846,Long axis +,-6.890665542e-05,0.002220403972,0.003069122291,-1.431201912
51,0.0003746179864,Long axis +,-7.51718098e-05,0.002168799706,0.002999760319,-1.476733294
52,0.0003884871257,Long axis +,-7.763379551e-05,0.002112581076,0.002926591416,-1.52733531
53,0.0004025427043,Long axis +,-8.274575552e-05,0.002055947093,0.002850136616,-1.573555679
54,0.0004167800362,Long axis +,-8.443176889e-05,0.001998312945,0.002775063794,-1.625033756
55,0.0004311944067,Long axis +,-8.822501316e-05,0.001936639986,0.00269145643,-1.672136112
56,0.0004457810428,Long axis +,-8.910216971e-05,0.001877627511,0.002614166507,-1.724040265
57,0.000460535055,Long axis +,-9.147483505e-05,0.001811311602,0.002523913905,-1.772258189
58,0.0004754516121,Long axis +,-9.151980909e-05,0.001750825798,0.002443937588,-1.824179873
59,0.0004905257374,Long axis +,-9.244134012e-05,0.001680645333,0.002348072538,-1.873742869
60,0.0005057523958,Long axis +,-9.164922876e-05,0.001618566298,0.00226497735,-1.925368705
61,0.0005211265525,Long axis +,-9.116286389e-05,0.001545612418,0.002164958934,-1.976465965
62,0.0005366431433,Long axis +,-8.955660641e-05,0.001481922233,0.002078556389,-2.027616933
63,0.0005522969295,Long axis +,-8.777656271e-05,0.001407503516,0.001976143559,-2.080374284
64,0.000568082789,Long axis +,-8.541430986e-05,0.001342400753,0.00188666207,-2.131027227
65,0.0005839954247,Long axis +,-8.251818129e-05,0.001267939995,0.001783782608,-2.185498285
66,0.000600029598,Long axis +,-7.949686424e-05,0.001201915129,0.001691968491,-2.235790804
67,0.0006161799538,Long axis +,-7.571330491e-05,0.001128852266,0.001590598638,-2.291960346
68,0.0006324411952,Long axis +,-7.216716261e-05,0.001062705711,0.001497722357,-2.342182024
69,0.0006488077925,Long axis +,-6.775916083e-05,0.0009924128222,0.001399780284,-2.399977955
70,0.0006652744487,Long axis +,-6.385259685e-05,0.0009272114659,0.001307546955,-2.450552698
71,0.0006818356342,Long axis +,-5.909786167e-05,0.0008609233688,0.001214800982,-2.509857512
72,0.0006984858774,Long axis +,-5.501330183e-05,0.0007979050256,0.001125183575,-2.561314638
73,0.0007152195903,Long axis +,-5.018341519e-05,0.0007366695758,0.001039179474,-2.621942366
74,0.0007320312434,Long axis +,-4.610627263e-05,0.0006771159102,0.0009542098438,-2.674794219
75,0.0007489153068,Long axis +,-4.144567008e-05,0.000621694841,0.0008761238218,-2.736189968
76,0.0007658660761,Long axis +,-3.753856594e-05,0.0005665391148,0.0007973222016,-2.790333202
77,0.0007828780217,Long axis +,-3.321994384e-05,0.0005167335085,0.0007270083225,-2.850849471
78,0.0007999454974,Long axis +,-2.958857318e-05,0.0004660070851,0.0006545838756,-2.90605314
79,0.0008170627407,Long axis +,-2.582881722e-05,0.0004232516984,0.0005941567132,-2.966777015
80,0.0008342241053,Long axis +,-2.312698021e-05,0.0003877710722,0.0005432977305,-3.028978344
81,0.0008509967593,Long axis +,-2.113923794e-05,0.0003727747648,0.000521816401,-3.089078476
82,0.0008670337847,Long axis +,-2.001991798e-05,0.0003630710906,0.0005072856535,3.138517406
83,0.0008824588149,Long axis +,-1.858902329e-05,0.0003575294369,0.0004990503907,3.082938891
84,0.0008973953081,Long axis +,-1.767569715e-05,0.0003521340223,0.0004906363278,3.029387849
85,0.0009119667811,Long axis +,-1.638714046e-05,0.0003497240025,0.0004867633444,2.976025732
86,0.0009262968088,Long axis +,-1.551291185e-05,0.000346300689,0.0004811782613,2.922601742
87,0.0009405088495,Long axis +,-1.424174388e-05,0.0003453172182,0.0004792764976,2.869667919
88,0.0009547264199,Long axis +,-1.332593942e-05,0.0003429661939,0.0004752601746,2.814661428
89,0.0009690730949,Long axis +,-1.200444694e-05,0.0003427528214,0.0004744134163,2.760337842
90,0.0009836723329,Long axis +,-1.098913439e-05,0.0003411040051,0.0004714573026,2.701938228
91,0.0009986477671,Long axis +,-9.562617577e-06,0.00034136318,0.0004712611497,2.644286006
92,0.001014122739,Long axis +,-8.394012184e-06,0.000340276124,0.0004691937184,2.580571697
93,0.001030220883,Long axis +,-6.810346804e-06,0.0003408725273,0.0004694887561,2.517548027
94,0.001047065714,Long axis +,-5.435300172e-06,0.0003403330554,0.000468339796,2.446551712
95,0.00106478075,Long axis +,-3.645362481e-06,0.000341221926,0.0004691224052,2.376074639
96,0.001083489507,Long axis +,-2.015575023e-06,0.0003413010057,0.000469074334,2.295912718
97,0.001103315502,Long axis +,1.908349235e-08,0.0003424980676,0.0004704646411,2.215987765
98,0.001124382252,Long axis +,1.936021625e-06,0.0003433260276,0.0004718181046,2.125069833
99,0.001146813156,Long axis +,4.228676161e-06,0.0003448844126,0.000474026885,2.033988364
100,0.001170731965,Long axis +,6.431051904e-06,0.0003466108234,0.0004771245936,1.931281329
101,0.001196261961,Long axis +,8.947313883e-06,0.0003485831321,0.0004803705691,1.827851049
102,0.001223526895,Long axis +,1.137153041e-05,0.0003513003734,0.0004854299347,1.713094242
103,0.001252650167,Long axis +,1.39964447e-05,0.0003536683274,0.0004897650033,1.59679212
104,0.001283755293,Long axis +,1.648008401e-05,0.0003572774665,0.0004965850619,1.470471473
105,0.001316965674,Long axis +,1.898151332e-05,0.0003598277566,0.0005016029958,1.341297796
106,0.001352405059,Long axis +,2.122935795e-05,0.0003638512661,0.000509186888,1.204073586
107,0.001390196849,Long axis +,2.322917827e-05,0.0003660474041,0.0005137389268,1.061802138
108,0.001430464676,Long axis +,2.479167281e-05,0.0003695309121,0.0005201164366,0.9132798331
109,0.001473331824,Long axis +,2.576288669e-05,0.0003705486415,0.0005223715879,0.7562575291
110,0.001518922043,Long axis +,2.606134481e-05,0.0003722107751,0.0005249470844,0.5935713308
111,0.001567358733,Long axis +,2.539230406e-05,0.0003712298763,0.0005230303839,0.4173907272
112,0.001618765411,Long axis +,2.383509368e-05,0.0003700873484,0.0005198527311,0.2336064442
113,0.001673265593,Long axis +,2.099490476e-05,0.0003671979507,0.0005136578155,0.03006260032
114,0.001730982913,Long axis +,1.716534082e-05,0.0003638138388,0.0005058775121,-0.1856313092
115,0.00179204077,Long axis +,1.193996555e-05,0.0003609789517,0.0004991878712,-0.4258400508
116,0.001856562681,Long axis +,5.925188292e-06,0.0003583381994,0.0004929990383,-0.6827855059
117,0.001924672164,Long axis +,-1.139138951e-06,0.0003592767344,0.0004936071046,-0.9608046567
118,0.001996492967,Long axis +,-8.262553464e-06,0.0003615421418,0.0004977399389,-1.252859588
119,0.002072148258,Long axis +,-1.550981612e-05,0.0003681291078,0.0005098547734,-1.551122547
120,0.00215176167,Long axis +,-2.152030024e-05,0.0003752320938,0.0005238243238,-1.856119298
121,0.002235456835,Long axis +,-2.619723134e-05,0.000382608677,0.0005375459766,-2.159424311
122,0.002323357388,Long axis +,-2.809472884e-05,0.0003876139572,0.0005465331108,-2.473359859
123,0.002415586496,Long axis +,-2.720461824e-05,0.0003876729004,0.0005453032957,-2.799720174
124,0.002512267791,Long axis +,-2.256359972e-05,0.0003848446814,0.0005375706971,3.129561143
125,0.002613524906,Long axis +,-1.501799314e-05,0.0003789347304,0.0005241387166,2.737646796
126,0.002719481243,Long axis +,-4.756086602e-06,0.000375762626,0.0005164861769,2.310556342
127,0.002830260666,Long axis +,6.443724487e-06,0.0003777297208,0.000520805772,1.853873839
128,0.002945986111,Long axis +,1.670635728e-05,0.0003836209607,0.0005344159431,1.397934233
129,0.003066781443,Long axis +,2.353954171e-05,0.0003908980599,0.0005503783768,0.9509035482
130,0.003192770295,Long axis +,2.508425571e-05,0.0003911711477,0.0005520050146,0.5016365675
131,0.003324075835,Long axis +,2.02481386e-05,0.0003839866816,0.0005374456565,0.03040421236
132,0.003460821928,Long axis +,9.522223042e-06,0.0003742912215,0.000517376616,-0.4968367612
133,0.003603131743,Long axis +,-3.783096358e-06,0.0003695570283,0.0005088067643,-1.071506868
134,0.003751129145,Long axis +,-1.639092308e-05,0.0003756351383,0.000522904175,-1.654865226
135,0.003904937534,Long axis +,-2.421136489e-05,0.0003839867357,0.0005414353169,-2.223241859
136,0.004064680543,Long axis +,-2.421072096e-05,0.0003830651184,0.0005400371691,-2.787348849
137,0.004230481107,Long axis +,-1.400475135e-05,0.0003730595622,0.0005183749336,2.881796379
138,0.004402463324,Long axis +,3.032703282e-06,0.000366116997,0.0005028677746,2.186131863
139,0.004580750596,Long axis +,1.954407882e-05,0.0003717717017,0.0005164018075,1.474149266
140,0.004765466787,Long axis +,2.643212168e-05,0.0003784890224,0.0005332935222,0.8004587037
141,0.004956734832,Long axis +,1.917604522e-05,0.0003692485396,0.000515908162,0.1143165873
142,0.005154678132,Long axis +,1.161176778e-06,0.0003541499716,0.0004847201701,-0.6558273296
143,0.005359421019,Long axis +,-1.700005463e-05,0.0003542570664,0.0004878228589,-1.476270936
144,0.00557108596,Long axis +,-2.322173975e-05,0.000357753705,0.0005009002517,-2.254357427
145,0.005789797753,Long axis +,-1.236887423e-05,0.0003438433208,0.0004748951344,-3.037851861
146,0.006015678868,Long axis +,9.375937225e-06,0.0003278081124,0.000442378749,2.356078313
147,0.006248853169,Long axis +,2.495924412e-05,0.0003289683323,0.0004511232572,1.442896793
148,0.006489444058,Long axis +,2.08471704e-05,0.0003230970653,0.0004441947382,0.588290334
149,0.006737575401,Long axis +,-2.402062898e-06,0.0003006910633,0.000396912793,-0.3515615048
150,0.006993370131,Long axis +,-2.34714565e-05,0.0002935288819,0.0003897904357,-1.382656345
151,0.00725695258,Long axis +,-1.956828118e-05,0.0002899518045,0.0003882565714,-2.314588586
152,0.007528445683,Long axis +,7.159392661e-06,0.0002694697267,0.0003371259923,2.948946
153,0.007807972841,Long axis +,2.620237928e-05,0.0002570864535,0.0003247144124,1.809147574
154,0.008095657453,Long axis +,1.291748508e-05,0.0002467295512,0.0003096114281,0.8271377369
155,0.008391624317,Long axis +,-1.683539876e-05,0.0002282593614,0.0002621794941,-0.2653338316
156,0.008695995435,Long axis +,-3.308017815e-05,0.0002299793038,0.0002686228311,-1.512297029
157,0.009008895606,Long axis +,-1.393723628e-05,0.0002173179601,0.0002501683615,-2.630371031
158,0.009330446832,Long axis +,1.837395704e-05,0.0001728166715,0.0001880275449,2.362940683
159,0.009660773911,Long axis +,2.73504536e-05,0.0001747341461,0.0001896076002,1.140364992
160,0.009999999776,Long axis +,7.78268621e-06,0.0001725410199,0.0001785924189,-0.06913025234
1,3.942822957e-08,Long axis -,0.0001605487664,0.003328145054,0.004630893912,-0.1721262232
2,3.548344409e-07,Long axis -,0.0001604746301,0.003326704487,0.004628844639,-0.1732992482
3,9.855421013e-07,Long axis -,0.0001599153253,0.003325088064,0.004626335353,-0.1753992074
4,1.931341785e-06,Long axis -,0.00015936379,0.00332272475,0.004622692563,-0.1785530313
5,3.191919632e-06,Long axis -,0.0001584187886,0.003319828109,0.004618155423,-0.1827058019
6,4.766856819e-06,Long axis -,0.0001574558631,0.003316158955,0.004612438607,-0.187916602
7,6.655630841e-06,Long axis -,0.0001561005445,0.003311904487,0.004605769072,-0.1941403229
8,8.857614375e-06,Long axis -,0.0001547102558,0.003306822253,0.004597838761,-0.2014245447
9,1.137207619e-05,Long axis -,0.0001529344236,0.003301133099,0.004588934156,-0.2097281436
10,1.419818091e-05,Long axis -,0.0001511029347,0.003294578082,0.004578718165,-0.2190935273
11,1.733499266e-05,Long axis -,0.000148896462,0.003287404066,0.004567516195,-0.2294815127
12,2.078146645e-05,Long axis -,0.0001466124642,0.003279326021,0.004554958599,-0.2409352201
13,2.453645902e-05,Long axis -,0.0001439648749,0.003270614107,0.00454139704,-0.2534124032
14,2.85987262e-05,Long axis -,0.0001412173537,0.003260955993,0.004526436817,-0.2669628698
15,3.296691648e-05,Long axis -,0.0001381180385,0.003250642662,0.004510444636,-0.2815344575
16,3.763958011e-05,Long axis -,0.0001348963728,0.003239340526,0.004493016594,-0.2971903993
17,4.261516733e-05,Long axis -,0.0001313366191,0.003227351914,0.004474516093,-0.3138619409
18,4.789202285e-05,Long axis -,0.0001276315756,0.003214339025,0.004454557407,-0.3316308962
19,5.34683968e-05,Long axis -,0.0001236059726,0.003200592047,0.004433468027,-0.3504087834
20,5.934243745e-05,Long axis -,0.0001194116233,0.003185802527,0.004410923577,-0.3702951205
21,6.551219849e-05,Long axis -,0.0001149186687,0.00317020623,0.004387166241,-0.3911877149
22,7.197562081e-05,Long axis -,0.0001102353525,0.003153577022,0.004361990988,-0.4131899266
23,7.873056893e-05,Long axis -,0.0001052776605,0.003136036637,0.004335496182,-0.4362089342
24,8.577479457e-05,Long axis -,0.0001001155799,0.003117504415,0.004307650109,-0.460316242
25,9.310596215e-05,Long axis -,9.46988711e-05,0.003097928844,0.00427837002,-0.4854778775
26,0.0001007216342,Long axis -,8.908352238e-05,0.003077421836,0.004247806025,-0.5116669452
27,0.000108619286,Long axis -,8.321469068e-05,0.003055737507,0.004215733744,-0.5389915952
28,0.000116796291,Long axis -,7.719215469e-05,0.003033158879,0.004182374478,-0.5672247092
29,0.0001252499351,Long axis -,7.087776058e-05,0.003009328335,0.004147566704,-0.5967333279
30,0.0001339774171,Long axis -,6.451960508e-05,0.002984535951,0.004111278038,-0.6269599796
31,0.0001429758413,Long axis -,5.776557246e-05,0.002958576642,0.004073873699,-0.6586653192
32,0.0001522421953,Long axis -,5.117087581e-05,0.002931364716,0.004034442889,-0.6908292164
33,0.0001617734379,Long axis -,4.398521243e-05,0.002903359214,0.003994665033,-0.7247208255
34,0.0001715663821,Long axis -,3.727875098e-05,0.002873453377,0.003951799083,-0.7587724202
35,0.0001816177828,Long axis -,2.967843624e-05,0.002843538402,0.003909923559,-0.7947966966
36,0.0001919242932,Long axis -,2.300350183e-05,0.002810617109,0.00386328363,-0.8307090528
37,0.000202482508,Long axis -,1.502534415e-05,0.002778940885,0.003819563256,-0.8687490623
38,0.0002132889203,Long axis -,8.531749937e-06,0.002742689521,0.003768840189,-0.9065308537
39,0.0002243399358,Long axis -,2.457704598e-07,0.00270933768,0.003723389374,-0.9463943243
40,0.0002356318728,Long axis -,-5.924196043e-06,0.002669528827,0.003668407001,-0.9860915278
41,0.0002471609914,Long axis -,-1.440307373e-05,0.002634435842,0.003621075494,-1.027516234
42,0.0002589234791,Long axis -,-2.012684443e-05,0.002591012506,0.003561886707,-1.069195173
43,0.0002709154214,Long axis -,-2.863317976e-05,0.00255389048,0.003512169465,-1.111877056
44,0.0002831328311,Long axis -,-3.381467262e-05,0.002507016561,0.003449096902,-1.155588168
45,0.0002955716336,Long axis -,-4.213625846e-05,0.002467339197,0.003396130962,-1.199229029
46,0.0003082277544,Long axis -,-4.670527035e-05,0.002417388587,0.00332971879,-1.244959872
47,0.0003210969153,Long axis -,-5.459652818e-05,0.002374451396,0.003272390559,-1.289322087
48,0.0003341749252,Long axis -,-5.85021746e-05,0.002321929832,0.003203269226,-1.336955768
49,0.0003474573896,Long axis -,-6.57045204e-05,0.002274979219,0.003140413954,-1.381906536
50,0.0003609398846,Long axis -,-6.890665542e-05,0.002220403972,0.003069122291,-1.431201912
51,0.0003746179864,Long axis -,-7.51718098e-05,0.002168799706,0.002999760319,-1.476733294
52,0.0003884871257,Long axis -,-7.763379804e-05,0.002112581075,0.002926591414,-1.527335311
53,0.0004025427043,Long axis -,-8.274575552e-05,0.002055947093,0.002850136616,-1.573555679
54,0.0004167800362,Long axis -,-8.443176889e-05,0.001998312945,0.002775063794,-1.625033756
55,0.0004311944067,Long axis -,-8.822501316e-05,0.001936639986,0.00269145643,-1.672136112
56,0.0004457810428,Long axis -,-8.910216971e-05,0.001877627511,0.002614166507,-1.724040265
57,0.000460535055,Long axis -,-9.147483505e-05,0.001811311602,0.002523913905,-1.772258189
58,0.0004754516121,Long axis -,-9.151980909e-05,0.001750825798,0.002443937588,-1.824179873
59,0.0004905257374,Long axis -,-9.244134012e-05,0.001680645333,0.002348072538,-1.873742869
60,0.0005057523958,Long axis -,-9.164922876e-05,0.001618566298,0.00226497735,-1.925368705
61,0.0005211265525,Long axis -,-9.116286389e-05,0.001545612418,0.002164958934,-1.976465965
62,0.0005366431433,Long axis -,-8.955660641e-05,0.001481922233,0.002078556389,-2.027616933
63,0.0005522969295,Long axis -,-8.777656275e-05,0.001407503516,0.001976143559,-2.080374284
64,0.000568082789,Long axis -,-8.541430986e-05,0.001342400753,0.00188666207,-2.131027227
65,0.0005839954247,Long axis -,-8.251818129e-05,0.001267939995,0.001783782608,-2.185498285
66,0.000600029598,Long axis -,-7.949686424e-05,0.001201915129,0.001691968491,-2.235790804
67,0.0006161799538,Long axis -,-7.571330491e-05,0.001128852266,0.001590598638,-2.291960346
68,0.0006324411952,Long axis -,-7.216716261e-05,0.001062705711,0.001497722357,-2.342182024
69,0.0006488077925,Long axis -,-6.775916083e-05,0.0009924128222,0.001399780284,-2.399977955
70,0.0006652744487,Long axis -,-6.385259685e-05,0.0009272114659,0.001307546955,-2.450552698
71,0.0006818356342,Long axis -,-5.909786167e-05,0.0008609233688,0.001214800982,-2.509857512
72,0.0006984858774,Long axis -,-5.501330183e-05,0.0007979050256,0.001125183575,-2.561314638
73,0.0007152195903,Long axis -,-5.018341519e-05,0.0007366695758,0.001039179474,-2.621942366
74,0.0007320312434,Long axis -,-4.610627263e-05,0.0006771159102,0.0009542098438,-2.674794219
75,0.0007489153068,Long axis -,-4.144566976e-05,0.000621694841,0.0008761238219,-2.736189968
76,0.0007658660761,Long axis -,-3.753856594e-05,0.0005665391148,0.0007973222016,-2.790333202
77,0.0007828780217,Long axis -,-3.321994384e-05,0.0005167335085,0.0007270083225,-2.850849471
78,0.0007999454974,Long axis -,-2.958857318e-05,0.0004660070851,0.0006545838756,-2.90605314
79,0.0008170627407,Long axis -,-2.582881722e-05,0.0004232516984,0.0005941567132,-2.966777015
80,0.0008342241053,Long axis -,-2.312698021e-05,0.0003877710722,0.0005432977305,-3.028978344
81,0.0008509967593,Long axis -,-2.113923794e-05,0.0003727747648,0.000521816401,-3.089078476
82,0.0008670337847,Long axis -,-2.001991798e-05,0.0003630710906,0.0005072856535,3.138517406
83,0.0008824588149,Long axis -,-1.858902329e-05,0.0003575294369,0.0004990503907,3.082938891
84,0.0008973953081,Long axis -,-1.767569715e-05,0.0003521340223,0.0004906363278,3.029387849
85,0.0009119667811,Long axis -,-1.638714046e-05,0.0003497240025,0.0004867633444,2.976025732
86,0.0009262968088,Long axis -,-1.551291185e-05,0.000346300689,0.0004811782613,2.922601742
87,0.0009405088495,Long axis -,-1.424174386e-05,0.0003453172182,0.0004792764976,2.869667919
88,0.0009547264199,Long axis -,-1.332593942e-05,0.0003429661939,0.0004752601746,2.814661428
89,0.0009690730949,Long axis -,-1.200444694e-05,0.0003427528214,0.0004744134163,2.760337842
90,0.0009836723329,Long axis -,-1.098913439e-05,0.0003411040051,0.0004714573026,2.701938228
91,0.0009986477671,Long axis -,-9.562617577e-06,0.00034136318,0.0004712611497,2.644286006
92,0.001014122739,Long axis -,-8.394012184e-06,0.000340276124,0.0004691937184,2.580571697
93,0.001030220883,Long axis -,-6.810346804e-06,0.0003408725273,0.0004694887561,2.517548027
94,0.001047065714,Long axis -,-5.435300172e-06,0.0003403330554,0.000468339796,2.446551712
95,0.00106478075,Long axis -,-3.645362481e-06,0.000341221926,0.0004691224052,2.376074639
96,0.001083489507,Long axis -,-2.015575023e-06,0.0003413010057,0.000469074334,2.295912718
97,0.001103315502,Long axis -,1.908349235e-08,0.0003424980676,0.0004704646411,2.215987765
98,0.001124382252,Long axis -,1.93602162e-06,0.0003433260276,0.0004718181046,2.125069833
99,0.001146813156,Long axis -,4.228676161e-06,0.0003448844126,0.000474026885,2.033988364
100,0.001170731965,Long axis -,6.431051904e-06,0.0003466108234,0.0004771245936,1.931281329
101,0.001196261961,Long axis -,8.947313883e-06,0.0003485831321,0.0004803705691,1.827851049
102,0.001223526895,Long axis -,1.137153041e-05,0.0003513003734,0.0004854299347,1.713094242
103,0.001252650167,Long axis -,1.39964447e-05,0.0003536683274,0.0004897650033,1.59679212
104,0.001283755293,Long axis -,1.648008401e-05,0.0003572774665,0.0004965850619,1.470471473
105,0.001316965674,Long axis -,1.898151332e-05,0.0003598277566,0.0005016029958,1.341297796
106,0.001352405059,Long axis -,2.122935795e-05,0.0003638512661,0.000509186888,1.204073586
107,0.001390196849,Long axis -,2.322917827e-05,0.0003660474041,0.0005137389268,1.061802138
108,0.001430464676,Long axis -,2.479167281e-05,0.0003695309121,0.0005201164366,0.9132798331
109,0.001473331824,Long axis -,2.576288669e-05,0.0003705486415,0.0005223715879,0.7562575291
110,0.001518922043,Long axis -,2.606134481e-05,0.0003722107751,0.0005249470844,0.5935713308
111,0.001567358733,Long axis -,2.539230406e-05,0.0003712298763,0.0005230303839,0.4173907272
112,0.001618765411,Long axis -,2.383509368e-05,0.0003700873484,0.0005198527311,0.2336064442
113,0.001673265593,Long axis -,2.099490476e-05,0.0003671979507,0.0005136578155,0.03006260032
114,0.001730982913,Long axis -,1.716534082e-05,0.0003638138388,0.0005058775121,-0.1856313092
115,0.00179204077,Long axis -,1.193996555e-05,0.0003609789517,0.0004991878712,-0.4258400508
116,0.001856562681,Long axis -,5.925188292e-06,0.0003583381994,0.0004929990383,-0.6827855059
117,0.001924672164,Long axis -,-1.139138951e-06,0.0003592767344,0.0004936071046,-0.9608046567
118,0.001996492967,Long axis -,-8.262553464e-06,0.0003615421418,0.0004977399389,-1.252859588
119,0.002072148258,Long axis -,-1.550981612e-05,0.0003681291078,0.0005098547734,-1.551122547
120,0.00215176167,Long axis -,-2.152030024e-05,0.0003752320938,0.0005238243238,-1.856119298
121,0.002235456835,Long axis -,-2.619723134e-05,0.000382608677,0.0005375459766,-2.159424311
122,0.002323357388,Long axis -,-2.809472884e-05,0.0003876139572,0.0005465331108,-2.473359859
123,0.002415586496,Long axis -,-2.720461824e-05,0.0003876729004,0.0005453032957,-2.799720174
124,0.002512267791,Long axis -,-2.256359972e-05,0.0003848446814,0.0005375706971,3.129561143
125,0.002613524906,Long axis -,-1.501799314e-05,0.0003789347304,0.0005241387166,2.737646796
126,0.002719481243,Long axis -,-4.756086602e-06,0.000375762626,0.0005164861769,2.310556342
127,0.002830260666,Long axis -,6.443724487e-06,0.0003777297208,0.000520805772,1.853873839
128,0.002945986111,Long axis -,1.670635728e-05,0.0003836209607,0.0005344159431,1.397934233
129,0.003066781443,Long axis -,2.353954171e-05,0.0003908980599,0.0005503783768,0.9509035482
130,0.003192770295,Long axis -,2.508425569e-05,0.0003911711477,0.0005520050146,0.5016365674
131,0.003324075835,Long axis -,2.02481386e-05,0.0003839866816,0.0005374456565,0.03040421236
132,0.003460821928,Long axis -,9.522223042e-06,0.0003742912215,0.000517376616,-0.4968367612
133,0.003603131743,Long axis -,-3.783096358e-06,0.0003695570283,0.0005088067643,-1.071506868
134,0.003751129145,Long axis -,-1.639092308e-05,0.0003756351383,0.000522904175,-1.654865226
135,0.003904937534,Long axis -,-2.421136489e-05,0.0003839867357,0.0005414353169,-2.223241859
136,0.004064680543,Long axis -,-2.421072096e-05,0.0003830651184,0.0005400371691,-2.787348849
137,0.004230481107,Long axis -,-1.400475135e-05,0.0003730595622,0.0005183749336,2.881796379
138,0.004402463324,Long axis -,3.032703282e-06,0.000366116997,0.0005028677746,2.186131863
139,0.004580750596,Long axis -,1.954407882e-05,0.0003717717017,0.0005164018075,1.474149266
140,0.004765466787,Long axis -,2.643212168e-05,0.0003784890224,0.0005332935222,0.8004587037
141,0.004956734832,Long axis -,1.917604522e-05,0.0003692485396,0.000515908162,0.1143165873
142,0.005154678132,Long axis -,1.161176778e-06,0.0003541499716,0.0004847201701,-0.6558273296
143,0.005359421019,Long axis -,-1.700005463e-05,0.0003542570664,0.0004878228589,-1.476270936
144,0.00557108596,Long axis -,-2.322173975e-05,0.000357753705,0.0005009002517,-2.254357427
145,0.005789797753,Long axis -,-1.236887423e-05,0.0003438433208,0.0004748951344,-3.037851861
146,0.006015678868,Long axis -,9.375937225e-06,0.0003278081124,0.000442378749,2.356078313
147,0.006248853169,Long axis -,2.495924412e-05,0.0003289683323,0.0004511232572,1.442896793
148,0.006489444058,Long axis -,2.08471704e-05,0.0003230970653,0.0004441947382,0.588290334
149,0.006737575401,Long axis -,-2.402062898e-06,0.0003006910633,0.000396912793,-0.3515615048
150,0.006993370131,Long axis -,-2.34714565e-05,0.0002935288819,0.0003897904357,-1.382656345
151,0.00725695258,Long axis -,-1.956828102e-05,0.0002899518045,0.0003882565715,-2.314588587
152,0.007528445683,Long axis -,7.159392661e-06,0.0002694697267,0.0003371259923,2.948946
153,0.007807972841,Long axis -,2.620237897e-05,0.0002570864536,0.0003247144126,1.809147573
154,0.008095657453,Long axis -,1.291748508e-05,0.0002467295512,0.0003096114281,0.8271377369
155,0.008391624317,Long axis -,-1.683539876e-05,0.0002282593614,0.0002621794941,-0.2653338316
156,0.008695995435,Long axis -,-3.308017815e-05,0.0002299793038,0.0002686228311,-1.512297029
157,0.009008895606,Long axis -,-1.393723628e-05,0.0002173179601,0.0002501683615,-2.630371031
158,0.009330446832,Long axis -,1.837395708e-05,0.0001728166715,0.0001880275449,2.362940683
159,0.009660773911,Long axis -,2.73504536e-05,0.0001747341461,0.0001896076002,1.140364992
160,0.009999999776,Long axis -,7.78268621e-06,0.0001725410199,0.0001785924189,-0.06913025234
1,3.942822957e-08,Short axis +,0.0001603727464,0.003328160949,0.004630843752,-0.1720836936
2,3.548344409e-07,Short axis +,0.0001604945055,0.003324597596,0.004625899747,-0.1734109904
3,9.855421013e-07,Short axis +,0.0001596287791,0.003319200579,0.004618062474,-0.1757421574
4,1.931341785e-06,Short axis +,0.0001587464801,0.003310860369,0.004606108241,-0.1793155427
5,3.191919632e-06,Short axis +,0.0001573039221,0.003300064091,0.004590465832,-0.1840013574
6,4.766856819e-06,Short axis +,0.0001557808263,0.003286440172,0.004570890299,-0.1899287626
7,6.655630841e-06,Short axis +,0.0001537118097,0.003270441811,0.004547729129,-0.1969736112
8,8.857614375e-06,Short axis +,0.0001515585059,0.003251684051,0.00452076307,-0.2052559333
9,1.137207619e-05,Short axis +,0.0001488806143,0.003230647985,0.004490334386,-0.214666533
10,1.419818091e-05,Short axis +,0.0001461096348,0.003206945059,0.004456260573,-0.2253041973
11,1.733499266e-05,Short axis +,0.0001428474327,0.003181072891,0.004418876185,-0.2370980319
12,2.078146645e-05,Short axis +,0.0001394776425,0.003152655043,0.004378036525,-0.2500935552
13,2.453645902e-05,Short axis +,0.0001356604901,0.003122196197,0.004334087425,-0.2642950435
14,2.85987262e-05,Short axis +,0.0001317198312,0.003089338802,0.0042868881,-0.2796476753
15,3.296691648e-05,Short axis +,0.0001273808685,0.003054598898,0.004236858631,-0.2962854897
16,3.763958011e-05,Short axis +,0.0001229107229,0.003017621877,0.0041837686,-0.3139903121
17,4.261516733e-05,Short axis +,0.0001180841506,0.00297896439,0.004128239579,-0.3330970521
18,4.789202285e-05,Short axis +,0.0001131426424,0.002938223154,0.004069778253,-0.3531467741
19,5.34683968e-05,Short axis +,0.0001078605087,0.002896065572,0.004009420075,-0.3747570847
20,5.934243745e-05,Short axis +,0.0001025252214,0.002851938508,0.003946142228,-0.3971442569
21,6.551219849e-05,Short axis +,9.681565849e-05,0.002806745923,0.003881701322,-0.4212899544
22,7.197562081e-05,Short axis +,9.118464558e-05,0.002759625252,0.003814189097,-0.4460094457
23,7.873056893e-05,Short axis +,8.507207815e-05,0.002711903121,0.003746469679,-0.4727123912
24,8.577479457e-05,Short axis +,7.926121116e-05,0.002662188936,0.003675330776,-0.4997643887
25,9.310596215e-05,Short axis +,7.277070013e-05,0.00261247101,0.003605167353,-0.5290284513
26,0.0001007216342,Short axis +,6.690733236e-05,0.002560569943,0.003531039367,-0.5584204387
27,0.000108619286,Short axis +,6.007157429e-05,0.002509401052,0.003459261919,-0.5902241586
28,0.000116796291,Short axis +,5.428437235e-05,0.002455726886,0.003382816124,-0.6219708066
29,0.0001252499351,Short axis +,4.715234821e-05,0.002403641705,0.003310212475,-0.6562619649
30,0.0001339774171,Short axis +,4.156077193e-05,0.00234861756,0.003232153883,-0.6903816054
31,0.0001429758413,Short axis +,3.420467597e-05,0.002296117164,0.003159434073,-0.7270746321
32,0.0001522421953,Short axis +,2.891087776e-05,0.00224017644,0.003080492831,-0.7635823289
33,0.0001617734379,Short axis +,2.142839809e-05,0.002187706688,0.003008261107,-0.8025584943
34,0.0001715663821,Short axis +,1.651369783e-05,0.002131291396,0.002929174895,-0.8414566862
35,0.0001816177828,Short axis +,9.025282413e-06,0.002079224977,0.002857910361,-0.8825671105
36,0.0001919242932,Short axis +,4.550767145e-06,0.002022779994,0.002779399037,-0.9238346491
37,0.000202482508,Short axis +,-2.807656173e-06,0.001971405374,0.002709446691,-0.9669059897
38,0.0002132889203,Short axis +,-6.797624772e-06,0.001915367948,0.002632181891,-1.010487403
39,0.0002243399358,Short axis +,-1.388372133e-05,0.001864886508,0.002563754431,-1.055329728
40,0.0002356318728,Short axis +,-1.735780413e-05,0.001809671147,0.002488326905,-1.10112621
41,0.0002471609914,Short axis +,-2.403200019e-05,0.001760203449,0.002421517674,-1.147542636
42,0.0002589234791,Short axis +,-2.696877836e-05,0.001706184006,0.002348406687,-1.195407002
43,0.0002709154214,Short axis +,-3.310259901e-05,0.001657783132,0.002283211209,-1.243204009
44,0.0002831328311,Short axis +,-3.548859636e-05,0.001605275782,0.002212761688,-1.292941065
45,0.0002955716336,Short axis +,-4.097121469e-05,0.001557946055,0.00214910594,-1.34193877
46,0.0003082277544,Short axis +,-4.28001905e-05,0.0015071957,0.002081516857,-1.393311989
47,0.0003210969153,Short axis +,-4.754320885e-05,0.001460913681,0.002019288539,-1.443353616
48,0.0003341749252,Short axis +,-4.881600034e-05,0.00141208706,0.001954616032,-1.496097849
49,0.0003474573896,Short axis +,-5.275666563e-05,0.001366822586,0.001893696213,-1.547057628
50,0.0003609398846,Short axis +,-5.34814624e-05,0.001320008951,0.0018318711,-1.60089647
51,0.0003746179864,Short axis +,-5.658409424e-05,0.001275743584,0.001772162715,-1.652685424
52,0.0003884871257,Short axis +,-5.67771061e-05,0.001230963099,0.001713020328,-1.707351047
53,0.0004025427043,Short axis +,-5.903333722e-05,0.001187704569,0.001654471453,-1.759920032
54,0.0004167800362,Short axis +,-5.871937711e-05,0.00114492266,0.001597789108,-1.815173278
55,0.0004311944067,Short axis +,-6.014710474e-05,0.001102713784,0.001540408567,-1.86851337
56,0.0004457810428,Short axis +,-5.936017292e-05,0.00106185941,0.001485945562,-1.924161507
57,0.000460535055,Short axis +,-6.000159698e-05,0.001020781164,0.001429809932,-1.978301964
58,0.0004754516121,Short axis +,-5.878499518e-05,0.0009817662112,0.001377344689,-2.034212963
59,0.0004905257374,Short axis +,-5.870346475e-05,0.0009419354294,0.001322597113,-2.089217589
60,0.0005057523958,Short axis +,-5.710906186e-05,0.0009046728279,0.00127195732,-2.145329778
61,0.0005211265525,Short axis +,-5.638492471e-05,0.0008662351802,0.001218798749,-2.201292221
62,0.0005366431433,Short axis +,-5.447158195e-05,0.0008306532766,0.00116988116,-2.257619166
63,0.0005522969295,Short axis +,-5.319729794e-05,0.0007937728519,0.00111855579,-2.314657502
64,0.000568082789,Short axis +,-5.102848131e-05,0.0007598249203,0.001071334837,-2.371288219
65,0.0005839954247,Short axis +,-4.930338685e-05,0.0007246720042,0.00102211186,-2.42953928
66,0.000600029598,Short axis +,-4.694479297e-05,0.0006923406691,0.0009766378488,-2.486634624
67,0.0006161799538,Short axis +,-4.487091555e-05,0.0006590808025,0.0009297938601,-2.546247671
68,0.0006324411952,Short axis +,-4.238896342e-05,0.000628380028,0.0008861859167,-2.604032136
69,0.0006488077925,Short axis +,-4.006839273e-05,0.0005971694361,0.0008419955998,-2.665156408
70,0.0006652744487,Short axis +,-3.752962031e-05,0.0005681482743,0.0008004370019,-2.723892225
71,0.0006818356342,Short axis +,-3.506314945e-05,0.0005391377237,0.0007591759375,-2.786624953
72,0.0006984858774,Short axis +,-3.253364159e-05,0.000511880277,0.0007199059958,-2.846510767
73,0.0007152195903,Short axis +,-3.001894425e-05,0.0004852009527,0.0006818299251,-2.910710899
74,0.0007320312434,Short axis +,-2.756142333e-05,0.0004597638256,0.000645051415,-2.971609926
75,0.0007489153068,Short axis +,-2.50867537e-05,0.0004353989555,0.0006102164361,-3.036575941
76,0.0007658660761,Short axis +,-2.274988346e-05,0.0004116156612,0.0005758137221,-3.097934364
77,0.0007828780217,Short axis +,-2.038030186e-05,0.000389316485,0.0005439431199,3.120144667
78,0.0007999454974,Short axis +,-1.819649981e-05,0.0003673545046,0.0005122200684,3.057152397
79,0.0008170627407,Short axis +,-1.602085412e-05,0.0003487754238,0.0004856286766,2.989170148
80,0.0008342241053,Short axis +,-1.415675837e-05,0.0003335680845,0.0004634417709,2.920093824
81,0.0008509967593,Short axis +,-1.250723863e-05,0.0003261876547,0.0004525411526,2.851366569
82,0.0008670337847,Short axis +,-1.116486212e-05,0.0003207626104,0.0004441603128,2.786980233
83,0.0008824588149,Short axis +,-9.724996546e-06,0.0003174359909,0.0004390217377,2.722668067
84,0.0008973953081,Short axis +,-8.497912463e-06,0.0003142014173,0.0004338457235,2.66099406
85,0.0009119667811,Short axis +,-7.127802984e-06,0.0003125574505,0.000431152854,2.599278556
86,0.0009262968088,Short axis +,-5.937994492e-06,0.0003104664605,0.0004277184657,2.53855657
87,0.0009405088495,Short axis +,-4.577356895e-06,0.0003097546678,0.0004264235206,2.477665068
88,0.0009547264199,Short axis +,-3.375013599e-06,0.0003083953282,0.0004241619827,2.416127157
89,0.0009690730949,Short axis +,-1.979440877e-06,0.0003083014674,0.0004238342753,2.354202213
90,0.0009836723329,Short axis +,-7.221476311e-07,0.0003075102165,0.0004225341759,2.289997807
91,0.0009986477671,Short axis +,7.472827628e-07,0.0003078983431,0.0004230043944,2.225122148
92,0.001014122739,Short axis +,2.097155867e-06,0.0003076328926,0.0004226380728,2.156387611
93,0.001030220883,Short axis +,3.673114525e-06,0.0003084598062,0.0004238817697,2.086664232
94,0.001047065714,Short axis +,5.144958224e-06,0.0003087485033,0.0004245350106,2.011629738
95,0.00106478075,Short axis +,6.848448517e-06,0.0003100207701,0.0004266110548,1.935285516
96,0.001083489507,Short axis +,8.455948872e-06,0.0003109278548,0.0004284274908,1.852404878
97,0.001103315502,Short axis +,1.028613042e-05,0.0003126646013,0.0004314151552,1.767904031
98,0.001124382252,Short axis +,1.201394764e-05,0.0003142472842,0.000434515482,1.675976772
99,0.001146813156,Short axis +,1.393137138e-05,0.0003164317681,0.0004384194874,1.582097274
100,0.001170731965,Short axis +,1.571569982e-05,0.0003186775038,0.0004427730215,1.480305662
101,0.001196261961,Short axis +,1.762191118e-05,0.0003211933971,0.0004473865804,1.376092982
102,0.001223526895,Short axis +,1.93301591e-05,0.0003239376422,0.0004526385535,1.263855737
103,0.001252650167,Short axis +,2.104420586e-05,0.0003264911875,0.0004573783498,1.148387967
104,0.001283755293,Short axis +,2.244034192e-05,0.000329309474,0.0004626513592,1.024983665
105,0.001316965674,Short axis +,2.365217686e-05,0.0003313345035,0.0004663915075,0.8968744119
106,0.001352405059,Short axis +,2.436266623e-05,0.0003334708871,0.0004701743747,0.7606391125
107,0.001390196849,Short axis +,2.465369503e-05,0.000334212998,0.0004713793476,0.617026642
108,0.001430464676,Short axis +,2.425585697e-05,0.0003348387722,0.0004719848121,0.4642314395
109,0.001473331824,Short axis +,2.320125864e-05,0.0003337452398,0.0004694630015,0.2999963614
110,0.001518922043,Short axis +,2.128212098e-05,0.000332369651,0.0004659392249,0.1242618218
111,0.001567358733,Short axis +,1.847384825e-05,0.0003295812989,0.0004599252715,-0.06835097971
112,0.001618765411,Short axis +,1.46805766e-05,0.0003267825516,0.0004535232223,-0.2760452615
113,0.001673265593,Short axis +,9.948452118e-06,0.0003240427565,0.0004474451913,-0.5053354755
114,0.001730982913,Short axis +,4.411903438e-06,0.00032231626,0.0004432928154,-0.7512823396
115,0.00179204077,Short axis +,-1.805065268e-06,0.0003228181166,0.0004436290367,-1.016714896
116,0.001856562681,Short axis +,-8.199700302e-06,0.0003251962376,0.000447977676,-1.293346053
117,0.001924672164,Short axis +,-1.435048833e-05,0.0003303907867,0.0004578775375,-1.57745356
118,0.001996492967,Short axis +,-1.96007713e-05,0.0003361817958,0.0004693027221,-1.86566706
119,0.002072148258,Short axis +,-2.362830733e-05,0.0003426203837,0.0004812729551,-2.15595349
120,0.00215176167,Short axis +,-2.559545611e-05,0.0003470581729,0.0004890723097,-2.455317664
121,0.002235456835,Short axis +,-2.502381049e-05,0.0003486040883,0.0004902655985,-2.767756319
122,0.002323357388,Short axis +,-2.121231591e-05,0.0003473801877,0.0004850834261,-3.108265723
123,0.002415586496,Short axis +,-1.464955771e-05,0.000344701242,0.0004762788023,2.798849578
124,0.002512267791,Short axis +,-6.052082387e-06,0.0003445153698,0.0004726002853,2.38509415
125,0.002613524906,Short axis +,3.465625725e-06,0.000348398278,0.0004786841746,1.941598049
126,0.002719481243,Short axis +,1.308222383e-05,0.0003578729255,0.00049655165,1.489555026
127,0.002830260666,Short axis +,2.041221824e-05,0.0003696278213,0.0005187934442,1.041851286
128,0.002945986111,Short axis +,2.313459734e-05,0.0003766311562,0.0005309497207,0.5965464756
129,0.003066781443,Short axis +,2.015001329e-05,0.0003766445288,0.0005280429588,0.1312762683
130,0.003192770295,Short axis +,1.169785553e-05,0.0003716525376,0.0005150747944,-0.3829016685
131,0.003324075835,Short axis +,-1.907029282e-06,0.0003706359807,0.0005099087201,-0.9556869119
132,0.003460821928,Short axis +,-1.876449824e-05,0.0003840661704,0.0005310087152,-1.559552679
133,0.003603131743,Short axis +,-3.286558791e-05,0.0004049048036,0.0005660320364,-2.143338249
134,0.003751129145,Short axis +,-3.594598539e-05,0.0004138404205,0.0005801267999,-2.711492018
135,0.003904937534,Short axis +,-2.398162186e-05,0.0004081921214,0.0005627698546,2.952738368
136,0.004064680543,Short axis +,-3.289946661e-06,0.0004053268856,0.0005500954305,2.25127908
137,0.004230481107,Short axis +,1.494213581e-05,0.0004149100705,0.0005700062975,1.532540197
138,0.004402463324,Short axis +,2.077738716e-05,0.0004240223406,0.0005900988014,0.8475475111
139,0.004580750596,Short axis +,9.116947853e-06,0.0004171866974,0.0005700163933,0.1439180428
140,0.004765466787,Short axis +,-1.419287282e-05,0.0004065171999,0.0005400088893,-0.6573228398
141,0.004956734832,Short axis +,-2.997408891e-05,0.0004095615094,0.0005504221172,-1.490185499
142,0.005154678132,Short axis +,-2.258143159e-05,0.0004105073702,0.0005518572479,-2.268092375
143,0.005359421019,Short axis +,3.972087459e-06,0.0003944200399,0.0005084044965,-3.086190158
144,0.00557108596,Short axis +,3.093843272e-05,0.0003792825785,0.0004774891699,2.270728457
145,0.005789797753,Short axis +,3.765772667e-05,0.0003778776983,0.0004759291749,1.360824641
146,0.006015678868,Short axis +,1.608279892e-05,0.0003589263677,0.0004311703214,0.4806338139
147,0.006248853169,Short axis +,-1.612531173e-05,0.0003214844694,0.0003679968533,-0.5444990153
148,0.006489444058,Short axis +,-2.477771965e-05,0.0003105935168,0.0003583743732,-1.580393944
149,0.006737575401,Short axis +,1.106079533e-06,0.0002802677838,0.0003132997032,-2.503575041
150,0.006993370131,Short axis +,3.200321237e-05,0.0002338764868,0.0002490963308,2.68837119
151,0.00725695258,Short axis +,3.337743865e-05,0.0002225572602,0.0002393912496,1.616185168
152,0.007528445683,Short axis +,5.506127781e-06,0.0001885696261,0.0001992012975,0.6939028553
153,0.007807972841,Short axis +,-2.065187247e-05,0.0001524469459,0.0001501517611,-0.4454121695
154,0.008095657453,Short axis +,-2.306969176e-05,0.0001450643389,0.0001402002661,-1.551518995
155,0.008391624317,Short axis +,-6.137544454e-06,0.0001189921556,0.0001059799651,-2.522549626
156,0.008695995435,Short axis +,1.108541202e-05,8.904704743e-05,6.999531153e-05,2.373953435
157,0.009008895606,Short axis +,8.72244964e-06,8.161587276e-05,6.314606469e-05,1.132195997
158,0.009330446832,Short axis +,-5.357304111e-06,4.72224565e-05,3.251702346e-05,-0.09251421139
159,0.009660773911,Short axis +,-9.990211964e-06,3.985692641e-05,3.276744539e-05,-1.675152983
160,0.009999999776,Short axis +,-1.026514957e-06,3.730460675e-05,2.739479096e-05,-2.787855382
1,3.942822957e-08,Short axis -,0.0001603727464,0.003328160949,0.004630843752,-0.1720836936
2,3.548344409e-07,Short axis -,0.0001604945055,0.003324597596,0.004625899747,-0.1734109904
3,9.855421013e-07,Short axis -,0.0001596287791,0.003319200579,0.004618062474,-0.1757421574
4,1.931341785e-06,Short axis -,0.0001587464801,0.003310860369,0.004606108241,-0.1793155427
5,3.191919632e-06,Short axis -,0.0001573039221,0.003300064091,0.004590465832,-0.1840013574
6,4.766856819e-06,Short axis -,0.0001557808263,0.003286440172,0.004570890299,-0.1899287626
7,6.655630841e-06,Short axis -,0.0001537118097,0.003270441811,0.004547729129,-0.1969736112
8,8.857614375e-06,Short axis -,0.0001515585059,0.003251684051,0.00452076307,-0.2052559333
9,1.137207619e-05,Short axis -,0.0001488806143,0.003230647985,0.004490334386,-0.214666533
10,1.419818091e-05,Short axis -,0.0001461096348,0.003206945059,0.004456260573,-0.2253041973
11,1.733499266e-05,Short axis -,0.0001428474327,0.003181072891,0.004418876185,-0.2370980319
12,2.078146645e-05,Short axis -,0.0001394776425,0.003152655043,0.004378036525,-0.2500935552
13,2.453645902e-05,Short axis -,0.0001356604901,0.003122196197,0.004334087425,-0.2642950435
14,2.85987262e-05,Short axis -,0.0001317198312,0.003089338802,0.0042868881,-0.2796476753
15,3.296691648e-05,Short axis -,0.0001273808685,0.003054598898,0.004236858631,-0.2962854897
16,3.763958011e-05,Short axis -,0.0001229107229,0.003017621877,0.0041837686,-0.3139903121
17,4.261516733e-05,Short axis -,0.0001180841506,0.00297896439,0.004128239579,-0.3330970521
18,4.789202285e-05,Short axis -,0.0001131426424,0.002938223154,0.004069778253,-0.3531467741
19,5.34683968e-05,Short axis -,0.0001078605087,0.002896065572,0.004009420075,-0.3747570847
20,5.934243745e-05,Short axis -,0.0001025252214,0.002851938508,0.003946142228,-0.3971442569
21,6.551219849e-05,Short axis -,9.681565849e-05,0.002806745923,0.003881701322,-0.4212899544
22,7.197562081e-05,Short axis -,9.118464558e-05,0.002759625252,0.003814189097,-0.4460094457
23,7.873056893e-05,Short axis -,8.507207815e-05,0.002711903121,0.003746469679,-0.4727123912
24,8.577479457e-05,Short axis -,7.926121116e-05,0.002662188936,0.003675330776,-0.4997643887
25,9.310596215e-05,Short axis -,7.277070013e-05,0.00261247101,0.003605167353,-0.5290284513
26,0.0001007216342,Short axis -,6.690733236e-05,0.002560569943,0.003531039367,-0.5584204387
27,0.000108619286,Short axis -,6.007157429e-05,0.002509401052,0.003459261919,-0.5902241586
28,0.000116796291,Short axis -,5.428437235e-05,0.002455726886,0.003382816124,-0.6219708066
29,0.0001252499351,Short axis -,4.715234821e-05,0.002403641705,0.003310212475,-0.6562619649
30,0.0001339774171,Short axis -,4.156077193e-05,0.00234861756,0.003232153883,-0.6903816054
31,0.0001429758413,Short axis -,3.420466585e-05,0.002296117175,0.003159434085,-0.7270746268
32,0.0001522421953,Short axis -,2.891087776e-05,0.00224017644,0.003080492831,-0.7635823289
33,0.0001617734379,Short axis -,2.142839809e-05,0.002187706688,0.003008261107,-0.8025584943
34,0.0001715663821,Short axis -,1.651369783e-05,0.002131291396,0.002929174895,-0.8414566862
35,0.0001816177828,Short axis -,9.025282413e-06,0.002079224977,0.002857910361,-0.8825671105
36,0.0001919242932,Short axis -,4.550767145e-06,0.002022779994,0.002779399037,-0.9238346491
37,0.000202482508,Short axis -,-2.807656173e-06,0.001971405374,0.002709446691,-0.9669059897
38,0.0002132889203,Short axis -,-6.797624772e-06,0.001915367948,0.002632181891,-1.010487403
39,0.0002243399358,Short axis -,-1.388372133e-05,0.001864886508,0.002563754431,-1.055329728
40,0.0002356318728,Short axis -,-1.735780413e-05,0.001809671147,0.002488326905,-1.10112621
41,0.0002471609914,Short axis -,-2.403200019e-05,0.001760203449,0.002421517674,-1.147542636
42,0.0002589234791,Short axis -,-2.696877832e-05,0.001706184006,0.002348406687,-1.195407002
43,0.0002709154214,Short axis -,-3.310259901e-05,0.001657783132,0.002283211209,-1.243204009
44,0.0002831328311,Short axis -,-3.548859636e-05,0.001605275782,0.002212761688,-1.292941065
45,0.0002955716336,Short axis -,-4.097121469e-05,0.001557946055,0.00214910594,-1.34193877
46,0.0003082277544,Short axis -,-4.28001905e-05,0.0015071957,0.002081516857,-1.393311989
47,0.0003210969153,Short axis -,-4.754320885e-05,0.001460913681,0.002019288539,-1.443353616
48,0.0003341749252,Short axis -,-4.881600034e-05,0.00141208706,0.001954616032,-1.496097849
49,0.0003474573896,Short axis -,-5.275666563e-05,0.001366822586,0.001893696213,-1.547057628
50,0.0003609398846,Short axis -,-5.34814624e-05,0.001320008951,0.0018318711,-1.60089647
51,0.0003746179864,Short axis -,-5.658409424e-05,0.001275743584,0.001772162715,-1.652685424
52,0.0003884871257,Short axis -,-5.67771061e-05,0.001230963099,0.001713020328,-1.707351047
53,0.0004025427043,Short axis -,-5.903333722e-05,0.001187704569,0.001654471453,-1.759920032
54,0.0004167800362,Short axis -,-5.871937711e-05,0.00114492266,0.001597789108,-1.815173278
55,0.0004311944067,Short axis -,-6.014710474e-05,0.001102713784,0.001540408567,-1.86851337
56,0.0004457810428,Short axis -,-5.936017292e-05,0.00106185941,0.001485945562,-1.924161507
57,0.000460535055,Short axis -,-6.000159698e-05,0.001020781164,0.001429809932,-1.978301964
58,0.0004754516121,Short axis -,-5.878499518e-05,0.0009817662112,0.001377344689,-2.034212963
59,0.0004905257374,Short axis -,-5.870346475e-05,0.0009419354294,0.001322597113,-2.089217589
60,0.0005057523958,Short axis -,-5.710906184e-05,0.0009046728279,0.00127195732,-2.145329778
61,0.0005211265525,Short axis -,-5.638492471e-05,0.0008662351802,0.001218798749,-2.201292221
62,0.0005366431433,Short axis -,-5.447158195e-05,0.0008306532766,0.00116988116,-2.257619166
63,0.0005522969295,Short axis -,-5.319729794e-05,0.0007937728519,0.00111855579,-2.314657502
64,0.000568082789,Short axis -,-5.102848129e-05,0.0007598249203,0.001071334837,-2.371288219
65,0.0005839954247,Short axis -,-4.930338685e-05,0.0007246720042,0.00102211186,-2.42953928
66,0.000600029598,Short axis -,-4.694479297e-05,0.0006923406691,0.0009766378488,-2.486634624
67,0.0006161799538,Short axis -,-4.487091555e-05,0.0006590808025,0.0009297938601,-2.546247671
68,0.0006324411952,Short axis -,-4.238896342e-05,0.000628380028,0.0008861859167,-2.604032136
69,0.0006488077925,Short axis -,-4.006839273e-05,0.0005971694361,0.0008419955998,-2.665156408
70,0.0006652744487,Short axis -,-3.752962031e-05,0.0005681482743,0.0008004370019,-2.723892225
71,0.0006818356342,Short axis -,-3.506314945e-05,0.0005391377237,0.0007591759375,-2.786624953
72,0.0006984858774,Short axis -,-3.253364159e-05,0.000511880277,0.0007199059958,-2.846510767
73,0.0007152195903,Short axis -,-3.001894441e-05,0.0004852009527,0.0006818299252,-2.910710899
74,0.0007320312434,Short axis -,-2.756142207e-05,0.0004597638245,0.0006450514137,-2.971609922
75,0.0007489153068,Short axis -,-2.50867537e-05,0.0004353989555,0.0006102164361,-3.036575941
76,0.0007658660761,Short axis -,-2.274988346e-05,0.0004116156612,0.0005758137221,-3.097934364
77,0.0007828780217,Short axis -,-2.038030186e-05,0.000389316485,0.0005439431199,3.120144667
78,0.0007999454974,Short axis -,-1.819649981e-05,0.0003673545046,0.0005122200684,3.057152397
79,0.0008170627407,Short axis -,-1.602085412e-05,0.0003487754238,0.0004856286766,2.989170148
80,0.0008342241053,Short axis -,-1.415675837e-05,0.0003335680845,0.0004634417709,2.920093824
81,0.0008509967593,Short axis -,-1.250723864e-05,0.0003261876547,0.0004525411526,2.851366569
82,0.0008670337847,Short axis -,-1.116486211e-05,0.0003207626104,0.0004441603128,2.786980233
83,0.0008824588149,Short axis -,-9.724996546e-06,0.0003174359909,0.0004390217377,2.722668067
84,0.0008973953081,Short axis -,-8.497911198e-06,0.0003142014191,0.0004338457261,2.66099406
85,0.0009119667811,Short axis -,-7.127802984e-06,0.0003125574505,0.000431152854,2.599278556
86,0.0009262968088,Short axis -,-5.937994492e-06,0.0003104664605,0.0004277184657,2.53855657
87,0.0009405088495,Short axis -,-4.577356895e-06,0.0003097546678,0.0004264235206,2.477665068
88,0.0009547264199,Short axis -,-3.375013599e-06,0.0003083953282,0.0004241619827,2.416127157
89,0.0009690730949,Short axis -,-1.979440877e-06,0.0003083014674,0.0004238342753,2.354202213
90,0.0009836723329,Short axis -,-7.221476311e-07,0.0003075102165,0.0004225341759,2.289997807
91,0.0009986477671,Short axis -,7.472827628e-07,0.0003078983431,0.0004230043944,2.225122148
92,0.001014122739,Short axis -,2.097155867e-06,0.0003076328926,0.0004226380728,2.156387611
93,0.001030220883,Short axis -,3.673114525e-06,0.0003084598062,0.0004238817697,2.086664232
94,0.001047065714,Short axis -,5.144958224e-06,0.0003087485033,0.0004245350106,2.011629738
95,0.00106478075,Short axis -,6.848448517e-06,0.0003100207701,0.0004266110548,1.935285516
96,0.001083489507,Short axis -,8.455948872e-06,0.0003109278548,0.0004284274908,1.852404878
97,0.001103315502,Short axis -,1.028613042e-05,0.0003126646013,0.0004314151552,1.767904031
98,0.001124382252,Short axis -,1.201394764e-05,0.0003142472842,0.000434515482,1.675976772
99,0.001146813156,Short axis -,1.39313713e-05,0.0003164317681,0.0004384194874,1.582097273
100,0.001170731965,Short axis -,1.571569982e-05,0.0003186775038,0.0004427730215,1.480305662
101,0.001196261961,Short axis -,1.762191118e-05,0.0003211933971,0.0004473865804,1.376092982
102,0.001223526895,Short axis -,1.93301591e-05,0.0003239376422,0.0004526385535,1.263855737
103,0.001252650167,Short axis -,2.104420586e-05,0.0003264911875,0.0004573783498,1.148387967
104,0.001283755293,Short axis -,2.244034192e-05,0.000329309474,0.0004626513592,1.024983665
105,0.001316965674,Short axis -,2.365217686e-05,0.0003313345035,0.0004663915075,0.8968744119
106,0.001352405059,Short axis -,2.436266623e-05,0.0003334708871,0.0004701743747,0.7606391125
107,0.001390196849,Short axis -,2.465369503e-05,0.000334212998,0.0004713793476,0.617026642
108,0.001430464676,Short axis -,2.425585697e-05,0.0003348387722,0.0004719848121,0.4642314395
109,0.001473331824,Short axis -,2.320125864e-05,0.0003337452398,0.0004694630015,0.2999963614
110,0.001518922043,Short axis -,2.128212098e-05,0.000332369651,0.0004659392249,0.1242618218
111,0.001567358733,Short axis -,1.847384825e-05,0.0003295812989,0.0004599252715,-0.06835097971
112,0.001618765411,Short axis -,1.46805766e-05,0.0003267825516,0.0004535232223,-0.2760452615
113,0.001673265593,Short axis -,9.948452118e-06,0.0003240427565,0.0004474451913,-0.5053354755
114,0.001730982913,Short axis -,4.411903438e-06,0.00032231626,0.0004432928154,-0.7512823396
115,0.00179204077,Short axis -,-1.80506527e-06,0.0003228181166,0.0004436290367,-1.016714896
116,0.001856562681,Short axis -,-8.199700302e-06,0.0003251962376,0.000447977676,-1.293346053
117,0.001924672164,Short axis -,-1.435048833e-05,0.0003303907867,0.0004578775375,-1.57745356
118,0.001996492967,Short axis -,-1.96007713e-05,0.0003361817958,0.0004693027221,-1.86566706
119,0.002072148258,Short axis -,-2.362830733e-05,0.0003426203837,0.0004812729551,-2.15595349
120,0.00215176167,Short axis -,-2.559545611e-05,0.0003470581729,0.0004890723097,-2.455317664
121,0.002235456835,Short axis -,-2.502381049e-05,0.0003486040883,0.0004902655985,-2.767756319
122,0.002323357388,Short axis -,-2.121231591e-05,0.0003473801877,0.0004850834261,-3.108265723
123,0.002415586496,Short axis -,-1.464955771e-05,0.000344701242,0.0004762788023,2.798849578
124,0.002512267791,Short axis -,-6.052082387e-06,0.0003445153698,0.0004726002853,2.38509415
125,0.002613524906,Short axis -,3.465625725e-06,0.000348398278,0.0004786841746,1.941598049
126,0.002719481243,Short axis -,1.308222383e-05,0.0003578729255,0.00049655165,1.489555026
127,0.002830260666,Short axis -,2.041221824e-05,0.0003696278213,0.0005187934442,1.041851286
128,0.002945986111,Short axis -,2.313459734e-05,0.0003766311562,0.0005309497207,0.5965464756
129,0.003066781443,Short axis -,2.015001329e-05,0.0003766445288,0.0005280429588,0.1312762683
130,0.003192770295,Short axis -,1.169785553e-05,0.0003716525376,0.0005150747944,-0.3829016685
131,0.003324075835,Short axis -,-1.907029282e-06,0.0003706359807,0.0005099087201,-0.9556869119
132,0.003460821928,Short axis -,-1.876449824e-05,0.0003840661704,0.0005310087152,-1.559552679
133,0.003603131743,Short axis -,-3.286558791e-05,0.0004049048036,0.0005660320364,-2.143338249
134,0.003751129145,Short axis -,-3.594598539e-05,0.0004138404205,0.0005801267999,-2.711492018
135,0.003904937534,Short axis -,-2.398162186e-05,0.0004081921214,0.0005627698546,2.952738368
136,0.004064680543,Short axis -,-3.289946661e-06,0.0004053268856,0.0005500954305,2.25127908
137,0.004230481107,Short axis -,1.494213581e-05,0.0004149100705,0.0005700062975,1.532540197
138,0.004402463324,Short axis -,2.077738716e-05,0.0004240223406,0.0005900988014,0.8475475111
139,0.004580750596,Short axis -,9.116947853e-06,0.0004171866974,0.0005700163933,0.1439180428
140,0.004765466787,Short axis -,-1.419287282e-05,0.0004065171999,0.0005400088893,-0.6573228398
141,0.004956734832,Short axis -,-2.997408891e-05,0.0004095615094,0.0005504221172,-1.490185499
142,0.005154678132,Short axis -,-2.258143159e-05,0.0004105073702,0.0005518572479,-2.268092375
143,0.005359421019,Short axis -,3.972087459e-06,0.0003944200399,0.0005084044965,-3.086190158
144,0.00557108596,Short axis -,3.093843272e-05,0.0003792825785,0.0004774891699,2.270728457
145,0.005789797753,Short axis -,3.765772667e-05,0.0003778776983,0.0004759291749,1.360824641
146,0.006015678868,Short axis -,1.608279892e-05,0.0003589263677,0.0004311703214,0.4806338139
147,0.006248853169,Short axis -,-1.612531173e-05,0.0003214844694,0.0003679968533,-0.5444990153
148,0.006489444058,Short axis -,-2.477771965e-05,0.0003105935168,0.0003583743732,-1.580393944
149,0.006737575401,Short axis -,1.106079526e-06,0.0002802677838,0.0003132997032,-2.503575041
150,0.006993370131,Short axis -,3.200321232e-05,0.0002338764868,0.0002490963308,2.688371191
151,0.00725695258,Short axis -,3.337743828e-05,0.0002225572604,0.00023939125,1.616185166
152,0.007528445683,Short axis -,5.506127523e-06,0.0001885696261,0.0001992012975,0.6939028569
153,0.007807972841,Short axis -,-2.065187273e-05,0.0001524469459,0.000150151761,-0.44541217
154,0.008095657453,Short axis -,-2.306969353e-05,0.0001450643365,0.0001402002637,-1.551518999
155,0.008391624317,Short axis -,-6.137547897e-06,0.0001189921521,0.0001059799621,-2.522549632
156,0.008695995435,Short axis -,1.108540814e-05,8.904704476e-05,6.999531006e-05,2.373953423
157,0.009008895606,Short axis -,8.722446173e-06,8.161587291e-05,6.314606469e-05,1.132195985
158,0.009330446832,Short axis -,-5.357310146e-06,4.722245828e-05,3.251702404e-05,-0.09251420602
159,0.009660773911,Short axis -,-9.990221633e-06,3.985693051e-05,3.276744676e-05,-1.675152973
160,0.009999999776,Short axis -,-1.02652846e-06,3.730460642e-05,2.739479018e-05,-2.787855354
